"STOCK_CODE","STOCK_NAME","MARKET_TYPE","SECTOR","LISTED_DATE","STATUS"
"002710","TCC스틸보통주","KOSPI","1차 철강 제조업",84/12/21,"ACTIVE"
"098120","(주)마이크로컨텍솔루션","KOSDAQ","전자부품 제조업",08/09/23,"ACTIVE"
"009520","(주)포스코엠텍","KOSDAQ GLOBAL","1차 철강 제조업",97/11/10,"ACTIVE"
"006840","AK홀딩스보통주","KOSPI","기타 금융업",99/08/11,"ACTIVE"
"282330","BGF리테일보통주","KOSPI","종합 소매업",17/12/08,"ACTIVE"
"027410","BGF보통주","KOSPI","기타 금융업",14/05/19,"ACTIVE"
"138930","BNK금융지주보통주","KOSPI","기타 금융업",11/03/30,"ACTIVE"
"001465","BYC1우선주","KOSPI","섬유·의류",89/09/05,"ACTIVE"
"001460","BYC보통주","KOSPI","봉제의복 제조업",75/06/02,"ACTIVE"
"001045","CJ1우선주","KOSPI","기타금융",89/08/18,"ACTIVE"
"00104K","CJ4우선주(전환)","KOSPI","기타금융",19/08/09,"ACTIVE"
"001040","CJ보통주","KOSPI","기타 금융업",73/06/29,"ACTIVE"
"011155","CJ씨푸드1우선주","KOSPI","음식료·담배",90/01/13,"ACTIVE"
"011150","CJ씨푸드보통주","KOSPI","기타 식품 제조업",88/11/26,"ACTIVE"
"058820","CMG제약","KOSDAQ","의약품 제조업",01/08/31,"ACTIVE"
"000590","CS홀딩스보통주","KOSPI","기타 금융업",75/12/22,"ACTIVE"
"005830","DB손해보험보통주","KOSPI","보험업",73/06/28,"ACTIVE"
"016610","DB증권보통주","KOSPI","금융 지원 서비스업",88/06/27,"ACTIVE"
"000990","DB하이텍보통주","KOSPI","반도체 제조업",75/12/12,"ACTIVE"
"001530","DI동일보통주","KOSPI","상품 중개업",64/01/04,"ACTIVE"
"000215","DL1우선주","KOSPI","화학",89/08/21,"ACTIVE"
"000210","DL보통주","KOSPI","기초 화학물질 제조업",76/02/02,"ACTIVE"
"37550K","DL이앤씨1우선주","KOSPI","건설",21/01/25,"ACTIVE"
"37550L","DL이앤씨2우선주(전환)","KOSPI","건설",22/04/28,"ACTIVE"
"155660","DSR보통주","KOSPI","1차 비철금속 제조업",13/05/15,"ACTIVE"
"069730","DSR제강보통주","KOSPI","1차 철강 제조업",03/01/28,"ACTIVE"
"017940","E1보통주","KOSPI","기타 전문 도매업",97/08/27,"ACTIVE"
"365550","ESR켄달스퀘어리츠보통주","KOSPI","부동산 임대 및 공급업",20/12/23,"ACTIVE"
"050120","ES큐브","KOSDAQ","생활용품 도매업",02/04/25,"ACTIVE"
"383220","F&F보통주","KOSPI","봉제의복 제조업",21/05/21,"ACTIVE"
"032620","GC메디아이","KOSDAQ","소프트웨어 개발 및 공급업",97/05/02,"ACTIVE"
"078935","GS1우선주","KOSPI","기타금융",04/08/05,"ACTIVE"
"006360","GS건설보통주","KOSPI","건물 건설업",81/08/03,"ACTIVE"
"078930","GS보통주","KOSPI","기타 금융업",04/08/05,"ACTIVE"
"012630","HDC보통주","KOSPI","기타 금융업",96/10/16,"ACTIVE"
"014790","HL D&I보통주","KOSPI","토목 건설업",94/08/12,"ACTIVE"
"024850","HLB이노베이션","KOSDAQ","전자부품 제조업",01/01/18,"ACTIVE"
"204320","HL만도보통주","KOSPI","자동차 신품 부품 제조업",14/10/06,"ACTIVE"
"060980","HL홀딩스보통주","KOSPI","기타 금융업",10/05/19,"ACTIVE"
"035000","HS애드보통주","KOSPI","광고업",99/08/11,"ACTIVE"
"175330","JB금융지주보통주","KOSPI","기타 금융업",13/07/18,"ACTIVE"
"234080","JW생명과학보통주","KOSPI","의약품 제조업",16/10/27,"ACTIVE"
"001065","JW중외제약1우선주","KOSPI","제약",94/10/21,"ACTIVE"
"001067","JW중외제약2우선주(신형)","KOSPI","제약",98/04/13,"ACTIVE"
"001060","JW중외제약보통주","KOSPI","의약품 제조업",76/06/14,"ACTIVE"
"096760","JW홀딩스 보통주","KOSPI","기타 금융업",07/07/31,"ACTIVE"
"105560","KB금융지주 보통주","KOSPI","기타 금융업",08/10/10,"ACTIVE"
"432320","KB스타리츠보통주","KOSPI","부동산 임대 및 공급업",22/10/06,"ACTIVE"
"009070","KCTC 보통주","KOSPI","도로 화물 운송업",78/09/29,"ACTIVE"
"044180","KD","KOSDAQ","건물 건설업",00/11/16,"ACTIVE"
"016380","KG스틸보통주","KOSPI","1차 철강 제조업",86/02/03,"ACTIVE"
"001390","KG케미칼보통주","KOSPI","기초 화학물질 제조업",89/08/25,"ACTIVE"
"046440","KG파이낸셜","KOSDAQ","소프트웨어 개발 및 공급업",04/12/14,"ACTIVE"
"025000","KPX케미칼보통주","KOSPI","기초 화학물질 제조업",94/12/27,"ACTIVE"
"092230","KPX홀딩스보통주","KOSPI","기초 화학물질 제조업",06/10/12,"ACTIVE"
"000040","KR모터스보통주","KOSPI","그외 기타 운송장비 제조업",76/05/25,"ACTIVE"
"003555","LG1우선주","KOSPI","기타금융",88/11/18,"ACTIVE"
"034220","LG디스플레이보통주","KOSPI","전자부품 제조업",04/07/23,"ACTIVE"
"003550","LG보통주","KOSPI","기타 금융업",70/02/13,"ACTIVE"
"051905","LG생활건강1우선주","KOSPI","화학",01/04/25,"ACTIVE"
"051900","LG생활건강보통주","KOSPI","기타 화학제품 제조업",01/04/25,"ACTIVE"
"032640","LG유플러스보통주","KOSPI","전기 통신업",08/04/21,"ACTIVE"
"011070","LG이노텍보통주","KOSPI","전자부품 제조업",08/07/24,"ACTIVE"
"066575","LG전자1우선주","KOSPI","전기·전자",02/04/22,"ACTIVE"
"066570","LG전자보통주","KOSPI","통신 및 방송 장비 제조업",02/04/22,"ACTIVE"
"051915","LG화학1우선주","KOSPI","화학",01/04/25,"ACTIVE"
"051910","LG화학보통주","KOSPI","기초 화학물질 제조업",01/04/25,"ACTIVE"
"073490","LIG아큐버","KOSDAQ","통신 및 방송 장비 제조업",05/02/04,"ACTIVE"
"010120","LS ELECTRIC보통주","KOSPI","전동기, 발전기 및 전기 변환 · 공급 · 제어 장치 제조업",94/07/11,"ACTIVE"
"006260","LS보통주","KOSPI","기타 금융업",77/06/30,"ACTIVE"
"229640","LS에코에너지보통주","KOSPI","기타 금융업",16/09/22,"ACTIVE"
"108320","LX세미콘보통주","KOSPI","반도체 제조업",22/11/03,"ACTIVE"
"001120","LX인터내셔널보통주","KOSPI","상품 중개업",76/01/30,"ACTIVE"
"086960","MDS테크","KOSDAQ","소프트웨어 개발 및 공급업",06/09/26,"ACTIVE"
"023150","MH에탄올보통주","KOSPI","알코올음료 제조업",96/12/24,"ACTIVE"
"181710","NHN보통주","KOSPI","소프트웨어 개발 및 공급업",13/08/29,"ACTIVE"
"338100","NH프라임리츠보통주","KOSPI","부동산 임대 및 공급업",19/12/05,"ACTIVE"
"008260","NI스틸보통주","KOSPI","1차 철강 제조업",75/06/28,"ACTIVE"
"004255","NPC1우선주","KOSPI","화학",90/01/15,"ACTIVE"
"456040","OCI보통주","KOSPI","기초 화학물질 제조업",23/05/30,"ACTIVE"
"010955","S-Oil1우선주","KOSPI","화학",92/05/28,"ACTIVE"
"010950","S-Oil보통주","KOSPI","석유 정제품 제조업",87/05/27,"ACTIVE"
"001770","SHD보통주","KOSPI","1차 철강 제조업",88/11/23,"ACTIVE"
"002360","SH에너지화학보통주","KOSPI","기초 화학물질 제조업",85/12/23,"ACTIVE"
"009160","SIMPAC보통주","KOSPI","1차 철강 제조업",89/07/29,"ACTIVE"
"03473K","SK1우선주","KOSPI","기타금융",15/08/17,"ACTIVE"
"011790","SKC보통주","KOSPI","기타 화학제품 제조업",97/07/18,"ACTIVE"
"018670","SK가스보통주","KOSPI","기타 전문 도매업",97/08/27,"ACTIVE"
"001740","SK네트웍스보통주","KOSPI","기타 전문 도매업",77/06/30,"ACTIVE"
"034730","SK보통주","KOSPI","기타 금융업",09/11/11,"ACTIVE"
"402340","SK스퀘어보통주","KOSPI","기타 금융업",21/11/29,"ACTIVE"
"361610","SK아이이테크놀로지보통주","KOSPI","일차전지 및 이차전지 제조업",21/05/11,"ACTIVE"
"100090","SK오션플랜트보통주","KOSPI","1차 철강 제조업",23/04/19,"ACTIVE"
"096770","SK이노베이션 보통주","KOSPI","석유 정제품 제조업",07/07/25,"ACTIVE"
"001515","SK증권1우선주","KOSPI","증권",89/08/29,"ACTIVE"
"001510","SK증권보통주","KOSPI","금융 지원 서비스업",86/09/20,"ACTIVE"
"28513K","SK케미칼1우선주","KOSPI","화학",18/01/05,"ACTIVE"
"017670","SK텔레콤보통주","KOSPI","전기 통신업",89/11/07,"ACTIVE"
"064960","SNT모티브보통주","KOSPI","자동차 신품 부품 제조업",02/03/11,"ACTIVE"
"100840","SNT에너지보통주","KOSPI","일반 목적용 기계 제조업",08/02/22,"ACTIVE"
"036530","SNT홀딩스보통주","KOSPI","기타 금융업",02/10/22,"ACTIVE"
"465770","STX그린로지스보통주","KOSPI","해상 운송업",23/09/15,"ACTIVE"
"041930","SY동아","KOSDAQ","고무제품 제조업",01/12/26,"ACTIVE"
"084870","TBH글로벌보통주","KOSPI","봉제의복 제조업",05/12/19,"ACTIVE"
"024070","WISCOM보통주","KOSPI","플라스틱제품 제조업",96/11/22,"ACTIVE"
"079940","가비아","KOSDAQ","소프트웨어 개발 및 공급업",05/10/19,"ACTIVE"
"000500","가온전선보통주","KOSPI","절연선 및 케이블 제조업",87/06/08,"ACTIVE"
"399720","가온칩스","KOSDAQ","반도체 제조업",22/05/20,"ACTIVE"
"296520","가이아코퍼레이션","KONEX","생활용품 도매업",23/06/20,"ACTIVE"
"036620","감성코퍼레이션","KOSDAQ","기타 전문 도매업",00/01/11,"ACTIVE"
"198440","강동씨앤엘","KOSDAQ","시멘트, 석회, 플라스터 및 그 제품 제조업",14/08/13,"ACTIVE"
"035250","강원랜드보통주","KOSPI","유원지 및 기타 오락관련 서비스업",03/09/04,"ACTIVE"
"114190","강원에너지","KOSDAQ","기타 전기장비 제조업",09/11/20,"ACTIVE"
"011420","갤럭시아에스엠보통주","KOSPI","스포츠 서비스업",89/11/14,"ACTIVE"
"039240","경남스틸","KOSDAQ","1차 철강 제조업",00/03/07,"ACTIVE"
"053950","경남제약","KOSDAQ","의약품 제조업",01/11/06,"ACTIVE"
"002100","경농보통주","KOSPI","비료, 농약 및 살균, 살충제 제조업",77/06/30,"ACTIVE"
"267290","경동도시가스보통주","KOSPI","연료용 가스 제조 및 배관공급업",17/05/12,"ACTIVE"
"012320","경동인베스트보통주","KOSPI","기타 금융업",97/03/07,"ACTIVE"
"011040","경동제약","KOSDAQ","의약품 제조업",92/12/18,"ACTIVE"
"000050","경방보통주","KOSPI","종합 소매업",56/03/03,"ACTIVE"
"012610","경인양행보통주","KOSPI","기초 화학물질 제조업",95/10/05,"ACTIVE"
"009140","경인전자보통주","KOSPI","전자부품 제조업",89/06/20,"ACTIVE"
"024910","경창산업","KOSDAQ","자동차 신품 부품 제조업",94/12/29,"ACTIVE"
"013580","계룡건설산업보통주","KOSPI","토목 건설업",96/01/30,"ACTIVE"
"012205","계양전기1우선주","KOSPI","기계·장비",89/08/02,"ACTIVE"
"002140","고려산업보통주","KOSPI","곡물가공품, 전분 및 전분제품 제조업",91/01/14,"ACTIVE"
"049720","고려신용정보","KOSDAQ","기타 사업지원 서비스업",02/01/31,"ACTIVE"
"002240","고려제강보통주","KOSPI","1차 철강 제조업",76/05/25,"ACTIVE"
"014570","고려제약","KOSDAQ","의약품 제조업",00/12/07,"ACTIVE"
"348150","고바이오랩","KOSDAQ","자연과학 및 공학 연구개발업",20/11/18,"ACTIVE"
"098460","고영테크놀러지","KOSDAQ","특수 목적용 기계 제조업",08/06/03,"ACTIVE"
"035290","골드앤에스","KOSDAQ","서적, 잡지 및 기타 인쇄물 출판업",99/12/07,"ACTIVE"
"121440","골프존홀딩스","KOSDAQ","상품 중개업",11/05/20,"ACTIVE"
"366030","공구우먼","KOSDAQ","의복 액세서리 제조업",22/03/23,"ACTIVE"
"009290","광동제약보통주","KOSPI","의약품 제조업",89/11/17,"ACTIVE"
"086220","광동헬스바이오","KONEX","기타 식품 제조업",15/07/09,"ACTIVE"
"029480","광무","KOSDAQ","통신 및 방송 장비 제조업",96/08/27,"ACTIVE"
"017900","광전자보통주","KOSPI","반도체 제조업",96/10/16,"ACTIVE"
"037710","광주신세계보통주","KOSPI","종합 소매업",02/02/07,"ACTIVE"
"026910","광진실업","KOSDAQ","1차 철강 제조업",96/01/03,"ACTIVE"
"465320","교보15호기업인수목적","KOSDAQ","금융 지원 서비스업",23/12/05,"ACTIVE"
"489210","교보17호기업인수목적","KOSDAQ","금융 지원 서비스업",24/11/21,"ACTIVE"
"0041B0","교보18호기업인수목적","KOSDAQ","금융 지원 서비스업",25/08/14,"ACTIVE"
"0098T0","교보19호기업인수목적","KOSDAQ","금융 지원 서비스업",25/12/12,"ACTIVE"
"030610","교보증권보통주","KOSPI","금융 지원 서비스업",02/07/18,"ACTIVE"
"339770","교촌에프앤비보통주","KOSPI","음·식료품 및 담배 도매업",20/11/12,"ACTIVE"
"053270","구영테크","KOSDAQ","자동차 신품 부품 제조업",02/02/07,"ACTIVE"
"066620","국보디자인","KOSDAQ","실내건축 및 건축마무리 공사업",02/09/05,"ACTIVE"
"060480","국일신동","KOSDAQ","1차 비철금속 제조업",14/12/29,"ACTIVE"
"078130","국일제지","KOSDAQ","기타 종이 및 판지 제품 제조업",04/10/22,"ACTIVE"
"307750","국전","KOSDAQ","의약품 제조업",18/12/19,"ACTIVE"
"318060","그래피","KOSDAQ","합성고무 및 플라스틱 물질 제조업",25/08/25,"ACTIVE"
"900290","그레이트리치과기유한공사","KOSDAQ","기타 금융업",16/10/25,"ACTIVE"
"453450","그리드위즈","KOSDAQ","그외 기타 전문, 과학 및 기술 서비스업",24/06/14,"ACTIVE"
"204020","그리티","KOSDAQ","봉제의복 제조업",18/07/23,"ACTIVE"
"402490","그린리소스","KOSDAQ","반도체 제조업",23/11/24,"ACTIVE"
"114450","그린생명과학","KOSDAQ","기초 의약물질 제조업",09/12/22,"ACTIVE"
"186230","그린플러스","KOSDAQ","1차 비철금속 제조업",19/08/07,"ACTIVE"
"014530","극동유화보통주","KOSPI","석유 정제품 제조업",91/01/31,"ACTIVE"
"204620","글로벌텍스프리","KOSDAQ","금융 지원 서비스업",14/11/19,"ACTIVE"
"019660","글로본","KOSDAQ","상품 종합 도매업",92/06/04,"ACTIVE"
"014285","금강공업1우선주","KOSPI","금속",89/07/31,"ACTIVE"
"014280","금강공업보통주","KOSPI","1차 철강 제조업",88/09/10,"ACTIVE"
"053260","금강철강","KOSDAQ","1차 철강 제조업",02/01/04,"ACTIVE"
"008870","금비보통주","KOSPI","유리 및 유리제품 제조업",90/06/08,"ACTIVE"
"001570","금양보통주","KOSPI","기초 화학물질 제조업",76/12/17,"ACTIVE"
"002995","금호건설1우선주","KOSPI","건설",88/10/06,"ACTIVE"
"002990","금호건설보통주","KOSPI","건물 건설업",76/06/26,"ACTIVE"
"011785","금호석유화학1우선주","KOSPI","화학",88/10/20,"ACTIVE"
"214330","금호에이치티보통주","KOSPI","자동차 신품 부품 제조업",15/11/11,"ACTIVE"
"001210","금호전기보통주","KOSPI","전구 및 조명장치 제조업",73/11/15,"ACTIVE"
"073240","금호타이어보통주","KOSPI","고무제품 제조업",05/02/17,"ACTIVE"
"036190","금화피에스시","KOSDAQ","전기 및 통신 공사업",00/12/26,"ACTIVE"
"420770","기가비스","KOSDAQ","특수 목적용 기계 제조업",23/05/24,"ACTIVE"
"092440","기신정기 보통주","KOSPI","특수 목적용 기계 제조업",07/10/30,"ACTIVE"
"013700","까뮤이앤씨보통주","KOSPI","건물 건설업",89/11/30,"ACTIVE"
"004545","깨끗한나라1우선주","KOSPI","종이·목재",88/11/21,"ACTIVE"
"004540","깨끗한나라보통주","KOSPI","펄프, 종이 및 판지 제조업",75/06/25,"ACTIVE"
"407400","꿈비","KOSDAQ","가구 제조업",23/02/09,"ACTIVE"
"187790","나노","KOSDAQ","기초 화학물질 제조업",14/05/08,"ACTIVE"
"286750","나노실리칸첨단소재","KOSDAQ","기초 화학물질 제조업",19/08/19,"ACTIVE"
"039860","나노엔텍","KOSDAQ","의료용 기기 제조업",00/08/16,"ACTIVE"
"091970","나노캠텍","KOSDAQ","플라스틱제품 제조업",07/01/30,"ACTIVE"
"244880","나눔테크","KONEX","의료용 기기 제조업",16/06/01,"ACTIVE"
"405920","나라셀라","KOSDAQ","음·식료품 및 담배 도매업",23/06/02,"ACTIVE"
"137080","나래나노텍","KOSDAQ","특수 목적용 기계 제조업",22/02/08,"ACTIVE"
"190510","나무가","KOSDAQ","전자부품 제조업",15/11/12,"ACTIVE"
"242040","나무기술","KOSDAQ","소프트웨어 개발 및 공급업",16/09/07,"ACTIVE"
"257990","나우코스","KONEX","기타 화학제품 제조업",20/12/30,"ACTIVE"
"130580","나이스디앤비","KOSDAQ","기타 사업지원 서비스업",11/12/22,"ACTIVE"
"036800","나이스정보통신","KOSDAQ","전기 통신업",00/05/03,"ACTIVE"
"030190","나이스평가정보보통주","KOSPI","기타 정보 서비스업",23/08/08,"ACTIVE"
"267320","나인테크","KOSDAQ","특수 목적용 기계 제조업",17/06/22,"ACTIVE"
"001260","남광토건보통주","KOSPI","토목 건설업",76/12/28,"ACTIVE"
"008355","남선알미늄1우선주","KOSPI","금속",89/12/23,"ACTIVE"
"004270","남성보통주","KOSPI","기타 전문 도매업",89/11/14,"ACTIVE"
"003925","남양유업1우선주","KOSPI","음식료·담배",88/06/20,"ACTIVE"
"003920","남양유업보통주","KOSPI","동·식물성 유지 및 낙농제품 제조업",78/06/24,"ACTIVE"
"111710","남화산업","KOSDAQ","스포츠 서비스업",18/11/29,"ACTIVE"
"091590","남화토건","KOSDAQ","건물 건설업",12/01/31,"ACTIVE"
"168330","내츄럴엔도텍","KOSDAQ","자연과학 및 공학 연구개발업",13/10/31,"ACTIVE"
"094860","네오리진","KOSDAQ","소프트웨어 개발 및 공급업",07/04/16,"ACTIVE"
"253590","네오셈","KOSDAQ","특수 목적용 기계 제조업",18/04/04,"ACTIVE"
"095660","네오위즈","KOSDAQ","소프트웨어 개발 및 공급업",07/07/02,"ACTIVE"
"042420","네오위즈홀딩스","KOSDAQ","소프트웨어 개발 및 공급업",00/06/27,"ACTIVE"
"311390","네오크레마","KOSDAQ","기타 식품 제조업",19/08/22,"ACTIVE"
"085910","네오티스","KOSDAQ","자동차 신품 부품 제조업",07/10/01,"ACTIVE"
"092730","네오팜","KOSDAQ","기타 화학제품 제조업",07/01/30,"ACTIVE"
"153460","네이블","KOSDAQ","소프트웨어 개발 및 공급업",12/07/19,"ACTIVE"
"033640","네패스","KOSDAQ","반도체 제조업",99/12/14,"ACTIVE"
"330860","네패스아크","KOSDAQ","그외 기타 전문, 과학 및 기술 서비스업",20/11/17,"ACTIVE"
"005725","넥센1우선주","KOSPI","화학",89/09/23,"ACTIVE"
"005720","넥센보통주","KOSPI","고무제품 제조업",87/12/19,"ACTIVE"
"002355","넥센타이어1우선주(신형)","KOSPI","화학",99/06/08,"ACTIVE"
"002350","넥센타이어보통주","KOSPI","고무제품 제조업",76/05/19,"ACTIVE"
"089140","넥스턴앤롤코리아","KOSDAQ","특수 목적용 기계 제조업",06/11/01,"ACTIVE"
"389650","넥스트바이오메디컬","KOSDAQ","의료용 기기 제조업",24/08/20,"ACTIVE"
"160550","넥스트엔터테인먼트월드","KOSDAQ","영화, 비디오물, 방송프로그램 제작 및 배급업",14/12/23,"ACTIVE"
"396270","넥스트칩","KOSDAQ","반도체 제조업",22/07/01,"ACTIVE"
"092790","넥스틸보통주","KOSPI","1차 철강 제조업",23/08/21,"ACTIVE"
"225570","넥슨게임즈","KOSDAQ","소프트웨어 개발 및 공급업",15/09/25,"ACTIVE"
"217270","넵튠","KOSDAQ","소프트웨어 개발 및 공급업",15/06/18,"ACTIVE"
"317860","노드메이슨","KONEX","기타 화학제품 제조업",19/12/06,"ACTIVE"
"104620","노랑풍선","KOSDAQ","여행사 및 기타 여행보조 서비스업",19/01/30,"ACTIVE"
"090355","노루페인트 1우선주","KOSPI","화학",06/07/03,"ACTIVE"
"000325","노루홀딩스1우선주","KOSPI","기타금융",89/01/21,"ACTIVE"
"000320","노루홀딩스보통주","KOSPI","기타 금융업",73/08/10,"ACTIVE"
"194700","노바렉스","KOSDAQ","기타 식품 제조업",18/11/14,"ACTIVE"
"285490","노바텍","KOSDAQ","그외 기타 제품 제조업",18/11/02,"ACTIVE"
"145170","노브랜드","KOSDAQ","편조의복 제조업",24/05/23,"ACTIVE"
"376930","노을","KOSDAQ","의료용 기기 제조업",22/03/03,"ACTIVE"
"486990","노타","KOSDAQ","소프트웨어 개발 및 공급업",25/11/03,"ACTIVE"
"006280","녹십자보통주","KOSPI","의약품 제조업",89/08/01,"ACTIVE"
"005257","녹십자홀딩스2우선주(신형)","KOSPI","일반서비스",97/03/19,"ACTIVE"
"005250","녹십자홀딩스보통주","KOSPI","회사 본부 및 경영 컨설팅 서비스업",78/08/28,"ACTIVE"
"004370","농심보통주","KOSPI","기타 식품 제조업",76/06/30,"ACTIVE"
"072710","농심홀딩스보통주","KOSPI","기타 금융업",03/07/30,"ACTIVE"
"154030","농업회사법인 아시아종묘","KOSDAQ","작물 재배업",18/02/12,"ACTIVE"
"403490","농업회사법인 우듬지팜","KOSDAQ","과실, 채소 가공 및 저장 처리업",23/09/19,"ACTIVE"
"040160","누리플렉스","KOSDAQ","소프트웨어 개발 및 공급업",00/08/29,"ACTIVE"
"348340","뉴로메카","KOSDAQ","특수 목적용 기계 제조업",22/11/04,"ACTIVE"
"380550","뉴로핏","KOSDAQ","소프트웨어 개발 및 공급업",25/07/25,"ACTIVE"
"060260","뉴보텍","KOSDAQ","플라스틱제품 제조업",02/02/05,"ACTIVE"
"012340","뉴인텍","KOSDAQ","자동차 신품 부품 제조업",97/02/12,"ACTIVE"
"462310","뉴키즈온","KOSDAQ","봉제의복 제조업",25/07/09,"ACTIVE"
"144960","뉴파워프라즈마","KOSDAQ","특수 목적용 기계 제조업",16/11/30,"ACTIVE"
"085670","뉴프렉스","KOSDAQ","전자부품 제조업",06/01/17,"ACTIVE"
"039560","다산네트웍스","KOSDAQ","통신 및 방송 장비 제조업",00/06/22,"ACTIVE"
"154040","다산솔루에타","KOSDAQ","전자부품 제조업",13/12/27,"ACTIVE"
"030210","다올투자증권보통주","KOSPI","금융 지원 서비스업",96/11/19,"ACTIVE"
"032190","다우데이타","KOSDAQ","기계장비 및 관련 물품 도매업",99/12/21,"ACTIVE"
"323350","다원넥스뷰","KOSDAQ","특수 목적용 기계 제조업",24/06/11,"ACTIVE"
"068240","다원시스","KOSDAQ","전동기, 발전기 및 전기 변환 · 공급 · 제어 장치 제조업",10/09/14,"ACTIVE"
"483650","달바글로벌보통주","KOSPI","기타 화학제품 제조업",25/05/22,"ACTIVE"
"464580","닷밀","KOSDAQ","영화, 비디오물, 방송프로그램 제작 및 배급업",24/11/13,"ACTIVE"
"019685","대교우선주(신형)","KOSPI","일반서비스",04/02/03,"ACTIVE"
"006370","대구백화점보통주","KOSPI","종합 소매업",88/10/10,"ACTIVE"
"00806K","대덕1우선주","KOSPI","기타금융",18/12/19,"ACTIVE"
"008060","대덕보통주","KOSPI","기타 금융업",89/01/26,"ACTIVE"
"353200","대덕전자보통주","KOSPI","전자부품 제조업",20/05/21,"ACTIVE"
"35320K","대덕전자우선주","KOSPI","전기·전자",20/05/21,"ACTIVE"
"178600","대동고려삼 주식회사","KONEX","기타 식품 제조업",13/12/20,"ACTIVE"
"008830","대동기어","KOSDAQ","특수 목적용 기계 제조업",91/05/17,"ACTIVE"
"000490","대동보통주","KOSPI","특수 목적용 기계 제조업",75/06/27,"ACTIVE"
"004780","대륙제관","KOSDAQ","기타 금속 가공제품 제조업",94/12/29,"ACTIVE"
"006570","대림통상보통주","KOSPI","기타 금속 가공제품 제조업",75/11/20,"ACTIVE"
"389260","대명에너지","KOSDAQ","건물 건설업",22/05/16,"ACTIVE"
"317850","대모엔지니어링","KOSDAQ","특수 목적용 기계 제조업",19/07/24,"ACTIVE"
"290670","대보마그네틱","KOSDAQ","기타 전기장비 제조업",18/11/06,"ACTIVE"
"001685","대상1우선주","KOSPI","음식료·담배",89/11/21,"ACTIVE"
"001680","대상보통주","KOSPI","기타 식품 제조업",70/04/01,"ACTIVE"
"084695","대상홀딩스 1우선주","KOSPI","기타금융",05/08/17,"ACTIVE"
"084690","대상홀딩스 보통주","KOSPI","기타 금융업",05/08/17,"ACTIVE"
"036480","대성미생물연구소","KOSDAQ","의약품 제조업",00/04/04,"ACTIVE"
"128820","대성산업보통주","KOSPI","연료 소매업",10/07/30,"ACTIVE"
"027830","대성창업투자","KOSDAQ","신탁업 및 집합투자업",99/11/30,"ACTIVE"
"129920","대성하이텍","KOSDAQ","특수 목적용 기계 제조업",22/08/22,"ACTIVE"
"016710","대성홀딩스보통주","KOSPI","회사 본부 및 경영 컨설팅 서비스업",99/12/22,"ACTIVE"
"482690","대신밸런스제19호기업인수목적","KOSDAQ","금융 지원 서비스업",24/11/20,"ACTIVE"
"0030R0","대신밸류리츠위탁관리부동산투자회사보통주","KOSPI","신탁업 및 집합투자업",25/07/10,"ACTIVE"
"003545","대신증권1우선주","KOSPI","증권",88/09/01,"ACTIVE"
"003547","대신증권2우선주(신형)","KOSPI","증권",07/11/09,"ACTIVE"
"003540","대신증권보통주","KOSPI","금융 지원 서비스업",75/10/01,"ACTIVE"
"045390","대아티아이","KOSDAQ","기타 전기장비 제조업",01/05/17,"ACTIVE"
"108380","대양전기공업","KOSDAQ","선박 및 보트 건조업",11/07/08,"ACTIVE"
"014160","대영포장보통주","KOSPI","골판지, 종이 상자 및 종이용기 제조업",90/03/06,"ACTIVE"
"047040","대우건설보통주","KOSPI","건물 건설업",01/03/23,"ACTIVE"
"069620","대웅제약보통주","KOSPI","의약품 제조업",02/11/01,"ACTIVE"
"007680","대원","KOSDAQ","건물 건설업",17/12/01,"ACTIVE"
"000430","대원강업보통주","KOSPI","자동차 신품 부품 제조업",77/06/22,"ACTIVE"
"006345","대원전선1우선주","KOSPI","전기·전자",89/06/21,"ACTIVE"
"003220","대원제약보통주","KOSPI","의약품 제조업",99/12/15,"ACTIVE"
"024890","대원화성보통주","KOSPI","플라스틱제품 제조업",97/10/28,"ACTIVE"
"120240","대정화금","KOSDAQ","기초 화학물질 제조업",10/12/20,"ACTIVE"
"114920","대주이엔티 주식회사","KONEX","1차 철강 제조업",13/07/01,"ACTIVE"
"078600","대주전자재료","KOSDAQ","전자부품 제조업",04/12/10,"ACTIVE"
"393970","대진첨단소재","KOSDAQ","플라스틱제품 제조업",25/03/06,"ACTIVE"
"015230","대창단조보통주","KOSPI","자동차 신품 부품 제조업",89/07/25,"ACTIVE"
"140520","대창스틸","KOSDAQ","1차 철강 제조업",14/12/05,"ACTIVE"
"131220","대한과학","KOSDAQ","기계장비 및 관련 물품 도매업",11/10/11,"ACTIVE"
"010170","대한광통신","KOSDAQ","절연선 및 케이블 제조업",94/11/07,"ACTIVE"
"054670","대한뉴팜","KOSDAQ","의약품 제조업",02/02/26,"ACTIVE"
"023910","대한약품공업","KOSDAQ","의약품 제조업",94/11/23,"ACTIVE"
"006650","대한유화보통주","KOSPI","기초 화학물질 제조업",99/08/11,"ACTIVE"
"001440","대한전선보통주","KOSPI","절연선 및 케이블 제조업",68/12/27,"ACTIVE"
"084010","대한제강 보통주","KOSPI","1차 철강 제조업",05/10/31,"ACTIVE"
"001795","대한제당1우선주","KOSPI","음식료·담배",95/01/21,"ACTIVE"
"001130","대한제분보통주","KOSPI","곡물가공품, 전분 및 전분제품 제조업",70/11/25,"ACTIVE"
"439260","대한조선보통주","KOSPI","선박 및 보트 건조업",25/08/01,"ACTIVE"
"003495","대한항공1우선주","KOSPI","운송·창고",90/03/31,"ACTIVE"
"003490","대한항공보통주","KOSPI","항공 여객 운송업",66/03/18,"ACTIVE"
"005880","대한해운보통주","KOSPI","해상 운송업",92/04/23,"ACTIVE"
"003830","대한화섬보통주","KOSPI","화학섬유 제조업",85/12/23,"ACTIVE"
"069460","대호에이엘보통주","KOSPI","1차 비철금속 제조업",02/11/11,"ACTIVE"
"021040","대호특수강","KOSDAQ","1차 철강 제조업",96/08/27,"ACTIVE"
"021045","대호특수강1우선주","KOSDAQ","금속",01/09/13,"ACTIVE"
"067080","대화제약","KOSDAQ","의약품 제조업",03/02/14,"ACTIVE"
"298540","더네이쳐홀딩스","KOSDAQ","의복 액세서리 제조업",20/07/27,"ACTIVE"
"032860","더라미","KOSDAQ","해체, 선별 및 원료 재생업",97/07/04,"ACTIVE"
"475560","더본코리아보통주","KOSPI","상품 종합 도매업",24/11/06,"ACTIVE"
"393890","더블유씨피","KOSDAQ GLOBAL","일차전지 및 이차전지 제조업",22/09/30,"ACTIVE"
"089230","더이앤엠","KOSDAQ","기타 정보 서비스업",06/10/10,"ACTIVE"
"462860","더즌","KOSDAQ","전기 통신업",25/03/24,"ACTIVE"
"224060","더코디","KOSDAQ","전자부품 제조업",15/12/29,"ACTIVE"
"302920","더콘텐츠온","KONEX","영화, 비디오물, 방송프로그램 제작 및 배급업",18/08/13,"ACTIVE"
"213420","덕산네오룩스","KOSDAQ GLOBAL","전자부품 제조업",15/02/06,"ACTIVE"
"317330","덕산테코피아","KOSDAQ","기타 화학제품 제조업",19/08/02,"ACTIVE"
"077360","덕산하이메탈","KOSDAQ","반도체 제조업",05/10/14,"ACTIVE"
"004835","덕성1우선주","KOSPI","화학",89/12/19,"ACTIVE"
"004830","덕성보통주","KOSPI","플라스틱제품 제조업",87/09/25,"ACTIVE"
"263600","덕우전자","KOSDAQ","전자부품 제조업",17/08/28,"ACTIVE"
"194480","데브시스터즈","KOSDAQ","소프트웨어 개발 및 공급업",14/10/06,"ACTIVE"
"199150","데이터스트림즈","KONEX","소프트웨어 개발 및 공급업",14/06/25,"ACTIVE"
"261200","덴티스","KOSDAQ","의료용 기기 제조업",17/06/26,"ACTIVE"
"145720","덴티움보통주","KOSPI","의료용 기기 제조업",17/03/15,"ACTIVE"
"227420","도부","KONEX","직물직조 및 직물제품 제조업",16/12/28,"ACTIVE"
"484120","도우인시스","KOSDAQ","전자부품 제조업",25/07/23,"ACTIVE"
"006620","동구바이오제약","KOSDAQ","의약품 제조업",18/02/13,"ACTIVE"
"005160","동국산업","KOSDAQ","1차 철강 제조업",99/06/25,"ACTIVE"
"303810","동국생명과학","KOSDAQ","의약품 제조업",25/02/17,"ACTIVE"
"460850","동국씨엠보통주","KOSPI","1차 철강 제조업",23/06/16,"ACTIVE"
"075970","동국알앤에스","KOSDAQ","기타 비금속 광물제품 제조업",04/02/13,"ACTIVE"
"460860","동국제강보통주","KOSPI","1차 철강 제조업",23/06/16,"ACTIVE"
"086450","동국제약","KOSDAQ GLOBAL","의약품 제조업",07/05/29,"ACTIVE"
"001230","동국홀딩스보통주","KOSPI","기타 금융업",88/05/09,"ACTIVE"
"004140","동방보통주","KOSPI","기타 운송관련 서비스업",88/08/10,"ACTIVE"
"099410","동방선기","KOSDAQ","선박 및 보트 건조업",09/11/10,"ACTIVE"
"005965","동부건설1우선주","KOSPI","건설",90/06/21,"ACTIVE"
"005960","동부건설보통주","KOSPI","토목 건설업",78/10/30,"ACTIVE"
"026960","동서보통주","KOSPI","음·식료품 및 담배 도매업",16/07/15,"ACTIVE"
"002210","동성제약보통주","KOSPI","의약품 제조업",90/01/19,"ACTIVE"
"033500","동성화인텍","KOSDAQ","기초 화학물질 제조업",97/12/19,"ACTIVE"
"025950","동신건설","KOSDAQ","토목 건설업",95/08/07,"ACTIVE"
"000640","동아쏘시오홀딩스보통주","KOSPI","기타 금융업",70/02/10,"ACTIVE"
"170900","동아에스티보통주","KOSPI","의약품 제조업",13/04/08,"ACTIVE"
"088130","동아엘텍","KOSDAQ","특수 목적용 기계 제조업",07/01/03,"ACTIVE"
"001525","동양1우선주","KOSPI","비금속",89/09/30,"ACTIVE"
"001527","동양2우선주(신형)","KOSPI","비금속",99/01/28,"ACTIVE"
"084670","동양고속보통주","KOSPI","육상 여객 운송업",05/07/25,"ACTIVE"
"082640","동양생명보험보통주","KOSPI","보험업",09/10/08,"ACTIVE"
"079960","동양이엔피","KOSDAQ","전동기, 발전기 및 전기 변환 · 공급 · 제어 장치 제조업",05/02/01,"ACTIVE"
"088910","동우팜투테이블","KOSDAQ","도축, 육류 가공 및 저장 처리업",06/06/23,"ACTIVE"
"013120","동원개발","KOSDAQ","건물 건설업",94/12/29,"ACTIVE"
"018500","동원금속보통주","KOSPI","자동차 신품 부품 제조업",95/11/10,"ACTIVE"
"006040","동원산업보통주","KOSPI","기타 금융업",89/03/07,"ACTIVE"
"030720","동원수산보통주","KOSPI","어로 어업",96/11/22,"ACTIVE"
"014825","동원시스템즈1우선주","KOSPI","화학",95/01/21,"ACTIVE"
"014820","동원시스템즈보통주","KOSPI","플라스틱제품 제조업",94/03/29,"ACTIVE"
"163560","동일고무벨트보통주","KOSPI","고무제품 제조업",12/10/19,"ACTIVE"
"109860","동일금속","KOSDAQ","금속 주조업",09/07/28,"ACTIVE"
"032960","동일기연","KOSDAQ","전자부품 제조업",97/07/18,"ACTIVE"
"004890","동일산업보통주","KOSPI","1차 철강 제조업",05/06/30,"ACTIVE"
"023790","동일스틸럭스","KOSDAQ","1차 철강 제조업",94/11/07,"ACTIVE"
"005290","동진쎄미켐","KOSDAQ","기초 화학물질 제조업",99/12/21,"ACTIVE"
"000020","동화약품보통주","KOSPI","의약품 제조업",76/03/24,"ACTIVE"
"000155","두산1우선주","KOSPI","전기·전자",86/07/31,"ACTIVE"
"000157","두산2우선주(신형)","KOSPI","전기·전자",99/12/03,"ACTIVE"
"454910","두산로보틱스보통주","KOSPI","특수 목적용 기계 제조업",23/10/05,"ACTIVE"
"000150","두산보통주","KOSPI","전자부품 제조업",73/06/29,"ACTIVE"
"034020","두산에너빌리티보통주","KOSPI","일반 목적용 기계 제조업",00/10/25,"ACTIVE"
"33626K","두산퓨얼셀1우선주","KOSPI","전기·전자",19/10/18,"ACTIVE"
"33626L","두산퓨얼셀2우선주(신형)","KOSPI","전기·전자",19/10/18,"ACTIVE"
"336260","두산퓨얼셀보통주","KOSPI","전동기, 발전기 및 전기 변환 · 공급 · 제어 장치 제조업",19/10/18,"ACTIVE"
"016740","두올보통주","KOSPI","자동차 신품 부품 제조업",16/07/29,"ACTIVE"
"073190","듀오백","KOSDAQ","가구 제조업",04/02/06,"ACTIVE"
"176750","듀켐바이오","KOSDAQ","의약품 제조업",24/12/20,"ACTIVE"
"223250","드림씨아이에스","KOSDAQ","자연과학 및 공학 연구개발업",20/05/22,"ACTIVE"
"060570","드림어스컴퍼니","KOSDAQ","영상·오디오물 제공 서비스업",03/12/19,"ACTIVE"
"362990","드림인사이트","KOSDAQ","광고업",24/01/25,"ACTIVE"
"192650","드림텍보통주","KOSPI","전자부품 제조업",19/03/14,"ACTIVE"
"187870","디바이스","KOSDAQ","특수 목적용 기계 제조업",17/12/20,"ACTIVE"
"477760","디비금융제12호기업인수목적","KOSDAQ","기타 금융업",24/06/18,"ACTIVE"
"489730","디비금융제13호기업인수목적","KOSDAQ","기타 금융업",24/11/28,"ACTIVE"
"024090","디씨엠보통주","KOSPI","1차 철강 제조업",99/08/18,"ACTIVE"
"092200","디아이씨 보통주","KOSPI","자동차 신품 부품 제조업",07/10/18,"ACTIVE"
"110990","디아이티","KOSDAQ","특수 목적용 기계 제조업",18/08/07,"ACTIVE"
"004840","디알비동일보통주","KOSPI","고무제품 제조업",76/05/21,"ACTIVE"
"263690","디알젬","KOSDAQ","의료용 기기 제조업",18/11/22,"ACTIVE"
"214680","디알텍","KOSDAQ","의료용 기기 제조업",15/04/20,"ACTIVE"
"347850","디앤디파마텍","KOSDAQ","자연과학 및 공학 연구개발업",24/05/02,"ACTIVE"
"377190","디앤디플랫폼리츠보통주","KOSPI","부동산 임대 및 공급업",21/08/27,"ACTIVE"
"376300","디어유","KOSDAQ","소프트웨어 개발 및 공급업",21/11/10,"ACTIVE"
"241520","디에스씨인베스트먼트","KOSDAQ","신탁업 및 집합투자업",16/12/19,"ACTIVE"
"104040","디에스엠","KOSDAQ","자동차 신품 부품 제조업",09/01/23,"ACTIVE"
"031860","디에이치엑스컴퍼니","KOSDAQ","상품 종합 도매업",97/01/07,"ACTIVE"
"000300","디에이치오토넥스보통주","KOSPI","자동차 신품 부품 제조업",75/06/09,"ACTIVE"
"290120","디에이치오토리드","KOSDAQ","자동차 신품 부품 제조업",18/12/07,"ACTIVE"
"025440","디에이치오토웨어","KOSDAQ","영상 및 음향기기 제조업",95/05/22,"ACTIVE"
"066900","디에이피","KOSDAQ","전자부품 제조업",04/05/14,"ACTIVE"
"180400","디엑스앤브이엑스","KOSDAQ","기타 과학기술 서비스업",15/11/20,"ACTIVE"
"092070","디엔에프","KOSDAQ","기타 화학제품 제조업",07/11/16,"ACTIVE"
"068790","디엠에스","KOSDAQ","특수 목적용 기계 제조업",04/10/01,"ACTIVE"
"039840","디오","KOSDAQ","의료용 기기 제조업",00/06/29,"ACTIVE"
"024900","디와이덕양보통주","KOSPI","자동차 신품 부품 제조업",97/06/23,"ACTIVE"
"219550","디와이디","KOSDAQ","생활용품 도매업",15/07/22,"ACTIVE"
"013570","디와이보통주","KOSPI","기타 금융업",89/05/30,"ACTIVE"
"310870","디와이씨","KOSDAQ","자동차 신품 부품 제조업",18/12/20,"ACTIVE"
"002880","디와이에이보통주","KOSPI","자동차 신품 부품 제조업",77/02/18,"ACTIVE"
"092780","디와이피보통주","KOSPI","자동차용 엔진 및 자동차 제조업",17/12/08,"ACTIVE"
"104460","디와이피엔에프","KOSDAQ","일반 목적용 기계 제조업",09/12/22,"ACTIVE"
"113810","디젠스","KOSDAQ","자동차 신품 부품 제조업",12/11/22,"ACTIVE"
"099520","디지아이티엑스","KOSDAQ","영상 및 음향기기 제조업",09/12/22,"ACTIVE"
"068930","디지털대성","KOSDAQ","일반 교습 학원",03/10/17,"ACTIVE"
"105740","디케이락","KOSDAQ","일반 목적용 기계 제조업",10/11/12,"ACTIVE"
"015590","디케이엠이보통주","KOSPI","일반 목적용 기계 제조업",89/05/27,"ACTIVE"
"290550","디케이티","KOSDAQ","전자부품 제조업",18/12/21,"ACTIVE"
"066670","디티씨","KOSDAQ","부동산 임대 및 공급업",02/12/30,"ACTIVE"
"187220","디티앤씨","KOSDAQ","기타 과학기술 서비스업",14/12/17,"ACTIVE"
"315640","딥노이드","KOSDAQ","소프트웨어 개발 및 공급업",21/08/17,"ACTIVE"
"317120","라닉스","KOSDAQ","반도체 제조업",19/09/18,"ACTIVE"
"232680","라온로보틱스","KOSDAQ","특수 목적용 기계 제조업",21/06/17,"ACTIVE"
"418420","라온텍","KOSDAQ","전자부품 제조업",23/03/09,"ACTIVE"
"171120","라이온켐텍","KOSDAQ","기타 화학제품 제조업",13/11/19,"ACTIVE"
"388790","라이콤","KOSDAQ","통신 및 방송 장비 제조업",21/09/03,"ACTIVE"
"403360","라피치","KONEX","소프트웨어 개발 및 공급업",21/12/14,"ACTIVE"
"217500","러셀","KOSDAQ","특수 목적용 기계 제조업",15/06/16,"ACTIVE"
"092590","럭스피아","KONEX","반도체 제조업",15/10/30,"ACTIVE"
"038390","레드캡투어","KOSDAQ","여행사 및 기타 여행보조 서비스업",00/02/01,"ACTIVE"
"294140","레몬","KOSDAQ","화학섬유 제조업",20/02/28,"ACTIVE"
"228670","레이","KOSDAQ","의료용 기기 제조업",19/08/08,"ACTIVE"
"228850","레이언스","KOSDAQ","의료용 기기 제조업",16/04/11,"ACTIVE"
"281740","레이크머티리얼즈","KOSDAQ","기타 화학제품 제조업",17/12/12,"ACTIVE"
"277810","레인보우로보틱스","KOSDAQ","특수 목적용 기계 제조업",21/02/03,"ACTIVE"
"215100","로보로보","KOSDAQ","기타 전기장비 제조업",15/04/22,"ACTIVE"
"900260","로스웰인터내셔널","KOSDAQ","기타 금융업",16/06/30,"ACTIVE"
"223220","로지스몬","KONEX","기타 운송관련 서비스업",15/07/09,"ACTIVE"
"067730","로지시스","KOSDAQ","컴퓨터 프로그래밍, 시스템 통합 및 관리업",15/07/29,"ACTIVE"
"214610","롤링스톤","KOSDAQ","의료용 기기 제조업",20/10/22,"ACTIVE"
"032350","롯데관광개발 보통주","KOSPI","여행사 및 기타 여행보조 서비스업",06/06/08,"ACTIVE"
"089860","롯데렌탈보통주","KOSPI","운송장비 임대업",21/08/19,"ACTIVE"
"000400","롯데손해보험보통주","KOSPI","보험업",71/04/16,"ACTIVE"
"023530","롯데쇼핑 보통주","KOSPI","종합 소매업",06/02/09,"ACTIVE"
"020150","롯데에너지머티리얼즈보통주","KOSPI","전자부품 제조업",11/03/04,"ACTIVE"
"280360","롯데웰푸드보통주","KOSPI","기타 식품 제조업",17/10/30,"ACTIVE"
"004000","롯데정밀화학보통주","KOSPI","기초 화학물질 제조업",76/04/15,"ACTIVE"
"00499K","롯데지주1우선주","KOSPI","기타금융",17/10/30,"ACTIVE"
"004990","롯데지주보통주","KOSPI","기타 금융업",74/02/16,"ACTIVE"
"005305","롯데칠성음료1우선주","KOSPI","음식료·담배",89/09/21,"ACTIVE"
"005300","롯데칠성음료보통주","KOSPI","비알코올음료 및 얼음 제조업",73/06/21,"ACTIVE"
"011170","롯데케미칼보통주","KOSPI","기초 화학물질 제조업",91/05/30,"ACTIVE"
"328130","루닛","KOSDAQ","소프트웨어 개발 및 공급업",22/07/21,"ACTIVE"
"038060","루멘스","KOSDAQ","반도체 제조업",06/08/08,"ACTIVE"
"162120","루켄테크놀러지스","KONEX","기타 전기장비 제조업",17/07/25,"ACTIVE"
"253610","루트락","KONEX","기타 전문 도매업",20/12/24,"ACTIVE"
"058470","리노공업","KOSDAQ GLOBAL","전자부품 제조업",01/12/18,"ACTIVE"
"012700","리드코프","KOSDAQ","기타 전문 도매업",96/01/19,"ACTIVE"
"302550","리메드","KOSDAQ","의료용 기기 제조업",19/12/06,"ACTIVE"
"491000","리브스메드","KOSDAQ","의료용 기기 제조업",25/12/24,"ACTIVE"
"073570","리튬포어스","KOSDAQ","그외 기타 제품 제조업",04/01/06,"ACTIVE"
"377450","리파인","KOSDAQ","기타 정보 서비스업",21/10/29,"ACTIVE"
"042500","링네트","KOSDAQ","컴퓨터 프로그래밍, 시스템 통합 및 관리업",02/01/10,"ACTIVE"
"474650","링크솔루션","KOSDAQ","특수 목적용 기계 제조업",25/06/10,"ACTIVE"
"439090","마녀공장","KOSDAQ","기타 화학제품 제조업",23/06/08,"ACTIVE"
"027740","마니커보통주","KOSPI","도축, 육류 가공 및 저장 처리업",02/10/29,"ACTIVE"
"357430","마스턴프리미어리츠보통주","KOSPI","부동산 임대 및 공급업",22/05/31,"ACTIVE"
"305090","마이크로디지탈","KOSDAQ","의료용 기기 제조업",19/06/05,"ACTIVE"
"448780","마이크로엔엑스","KONEX","의료용 기기 제조업",22/12/21,"ACTIVE"
"424980","마이크로투나노","KOSDAQ","반도체 제조업",23/04/26,"ACTIVE"
"001080","만호제강보통주","KOSPI","1차 철강 제조업",77/06/18,"ACTIVE"
"267980","매일유업","KOSDAQ","동·식물성 유지 및 낙농제품 제조업",17/06/05,"ACTIVE"
"088980","맥쿼리한국인프라투융자회사 보통주","KOSPI","신탁업 및 집합투자업",06/03/15,"ACTIVE"
"179720","머니무브","KONEX","기타 금융업",13/07/01,"ACTIVE"
"067280","멀티캠퍼스","KOSDAQ","기타 교육기관",06/11/16,"ACTIVE"
"072870","메가스터디","KOSDAQ","서적, 잡지 및 기타 인쇄물 출판업",04/12/21,"ACTIVE"
"215200","메가스터디교육","KOSDAQ GLOBAL","일반 교습 학원",15/05/04,"ACTIVE"
"133750","메가엠디","KOSDAQ","일반 교습 학원",15/12/18,"ACTIVE"
"235980","메드팩토","KOSDAQ","자연과학 및 공학 연구개발업",19/12/19,"ACTIVE"
"200580","메디쎄이","KONEX","의료용 기기 제조업",15/10/20,"ACTIVE"
"041920","메디아나","KOSDAQ","의료용 기기 제조업",14/10/07,"ACTIVE"
"014100","메디앙스","KOSDAQ","상품 종합 도매업",95/01/03,"ACTIVE"
"236340","메디젠휴먼케어","KONEX","자연과학 및 공학 연구개발업",16/01/26,"ACTIVE"
"086900","메디톡스","KOSDAQ","기초 의약물질 제조업",09/01/16,"ACTIVE"
"078160","메디포스트","KOSDAQ","기초 의약물질 제조업",05/07/29,"ACTIVE"
"138040","메리츠금융지주회사보통주","KOSPI","기타 금융업",11/05/13,"ACTIVE"
"408920","메쎄이상","KOSDAQ","기타 사업지원 서비스업",22/03/07,"ACTIVE"
"021880","메이슨캐피탈","KOSDAQ","기타 금융업",96/09/02,"ACTIVE"
"0088M0","메쥬","KOSDAQ","의료용 기기 제조업",26/03/26,"ACTIVE"
"140410","메지온","KOSDAQ","자연과학 및 공학 연구개발업",12/01/20,"ACTIVE"
"241770","메카로","KOSDAQ","반도체 제조업",17/12/06,"ACTIVE"
"090370","메타랩스보통주","KOSPI","봉제의복 제조업",06/12/26,"ACTIVE"
"118000","메타케어보통주","KOSPI","기계장비 및 관련 물품 도매업",09/12/30,"ACTIVE"
"058110","멕아이씨에스","KOSDAQ","의료용 기기 제조업",15/12/14,"ACTIVE"
"017180","명문제약 보통주","KOSPI","의약품 제조업",08/07/10,"ACTIVE"
"009900","명신산업보통주","KOSPI","자동차 신품 부품 제조업",20/12/07,"ACTIVE"
"317450","명인제약보통주","KOSPI","의약품 제조업",25/10/01,"ACTIVE"
"012690","모나리자보통주","KOSPI","기타 종이 및 판지 제품 제조업",88/10/14,"ACTIVE"
"070960","모나용평보통주","KOSPI","일반 및 생활 숙박시설 운영업",16/05/27,"ACTIVE"
"080420","모다이노칩","KOSDAQ","섬유, 의복, 신발 및 가죽제품 소매업",05/12/06,"ACTIVE"
"417970","모델솔루션","KOSDAQ","특수 목적용 기계 제조업",22/10/07,"ACTIVE"
"087260","모바일어플라이언스","KOSDAQ","소프트웨어 개발 및 공급업",17/02/24,"ACTIVE"
"101330","모베이스","KOSDAQ","통신 및 방송 장비 제조업",10/02/04,"ACTIVE"
"012860","모베이스전자","KOSDAQ","자동차 신품 부품 제조업",94/10/26,"ACTIVE"
"363260","모비데이즈","KOSDAQ","광고업",21/02/10,"ACTIVE"
"250060","모비스","KOSDAQ","컴퓨터 프로그래밍, 시스템 통합 및 관리업",16/09/08,"ACTIVE"
"288980","모아데이타","KOSDAQ","소프트웨어 개발 및 공급업",22/03/10,"ACTIVE"
"033200","모아텍","KOSDAQ","전자부품 제조업",97/10/13,"ACTIVE"
"009680","모토닉보통주","KOSPI","자동차 신품 부품 제조업",94/01/14,"ACTIVE"
"118990","모트렉스","KOSDAQ","자동차 신품 부품 제조업",17/08/04,"ACTIVE"
"463480","모티브링크","KOSDAQ","전자부품 제조업",25/02/20,"ACTIVE"
"009200","무림페이퍼보통주","KOSPI","펄프, 종이 및 판지 제조업",90/06/09,"ACTIVE"
"009580","무림피앤피보통주","KOSPI","펄프, 종이 및 판지 제조업",89/06/20,"ACTIVE"
"033920","무학보통주","KOSPI","알코올음료 제조업",10/07/20,"ACTIVE"
"008420","문배철강보통주","KOSPI","1차 철강 제조업",94/11/05,"ACTIVE"
"279600","미디어젠","KOSDAQ","소프트웨어 개발 및 공급업",19/11/05,"ACTIVE"
"254490","미래반도체","KOSDAQ","기타 전문 도매업",23/01/27,"ACTIVE"
"218150","미래생명자원","KOSDAQ","동물용 사료 및 조제식품 제조업",15/06/18,"ACTIVE"
"007120","미래아이앤지보통주","KOSPI","컴퓨터 프로그래밍, 시스템 통합 및 관리업",99/11/26,"ACTIVE"
"396690","미래에셋글로벌리츠보통주","KOSPI","부동산 임대 및 공급업",21/12/03,"ACTIVE"
"094800","미래에셋맵스리얼티부동산공모투자회사보통주","KOSPI","신탁업 및 집합투자업",07/04/09,"ACTIVE"
"100790","미래에셋벤처투자","KOSDAQ","기타 금융업",19/03/15,"ACTIVE"
"0099W0","미래에셋비전기업인수목적11호","KOSDAQ","금융 지원 서비스업",25/12/22,"ACTIVE"
"477380","미래에셋비전기업인수목적4호","KOSDAQ","금융 지원 서비스업",24/05/29,"ACTIVE"
"478440","미래에셋비전기업인수목적6호","KOSDAQ","금융 지원 서비스업",24/06/24,"ACTIVE"
"482680","미래에셋비전기업인수목적7호","KOSDAQ","금융 지원 서비스업",24/09/11,"ACTIVE"
"0093G0","미래에셋비전기업인수목적8호","KOSDAQ","금융 지원 서비스업",25/11/27,"ACTIVE"
"0096D0","미래에셋비전기업인수목적9호","KOSDAQ","금융 지원 서비스업",25/12/01,"ACTIVE"
"085620","미래에셋생명보험보통주","KOSPI","보험업",15/07/08,"ACTIVE"
"006805","미래에셋증권1우선주","KOSPI","증권",89/04/08,"ACTIVE"
"00680K","미래에셋증권2우선주(신형)","KOSPI","증권",18/03/14,"ACTIVE"
"208890","미래엔에듀파트너","KONEX","교육지원 서비스업",14/12/18,"ACTIVE"
"049950","미래컴퍼니","KOSDAQ","특수 목적용 기계 제조업",05/01/04,"ACTIVE"
"207760","미스터블루","KOSDAQ","기타 정보 서비스업",14/12/12,"ACTIVE"
"002840","미원상사보통주","KOSPI","기타 화학제품 제조업",89/09/25,"ACTIVE"
"268280","미원스페셜티케미칼보통주","KOSPI","기초 화학물질 제조업",17/05/22,"ACTIVE"
"107590","미원홀딩스 보통주","KOSPI","기타 금융업",09/03/02,"ACTIVE"
"351020","미쥬","KONEX","봉제의복 제조업",23/10/26,"ACTIVE"
"003650","미창석유공업보통주","KOSPI","석유 정제품 제조업",89/09/27,"ACTIVE"
"475460","미트박스글로벌","KOSDAQ","기타 정보 서비스업",25/01/23,"ACTIVE"
"206640","바디텍메드","KOSDAQ","의료용품 및 기타 의약 관련제품 제조업",14/12/29,"ACTIVE"
"354390","바스칸바이오제약","KONEX","의약품 제조업",22/07/20,"ACTIVE"
"053030","바이넥스","KOSDAQ","의약품 제조업",01/08/07,"ACTIVE"
"377740","바이오노트보통주","KOSPI","의료용품 및 기타 의약 관련제품 제조업",22/12/22,"ACTIVE"
"314930","바이오다인","KOSDAQ","의료용 기기 제조업",21/03/17,"ACTIVE"
"489460","바이오비쥬","KOSDAQ","기타 화학제품 제조업",25/05/20,"ACTIVE"
"086820","바이오솔루션","KOSDAQ","기초 의약물질 제조업",18/08/20,"ACTIVE"
"038460","바이오스마트","KOSDAQ","전자부품 제조업",00/06/22,"ACTIVE"
"266470","바이오인프라생명과학","KONEX","자연과학 및 공학 연구개발업",20/07/22,"ACTIVE"
"289170","바이오텐","KONEX","기타 식품 제조업",23/10/13,"ACTIVE"
"188040","바이오포트코리아","KOSDAQ","기타 식품 제조업",25/05/16,"ACTIVE"
"199290","바이오프로테크","KONEX","의료용 기기 제조업",16/12/08,"ACTIVE"
"032980","바이온","KOSDAQ","음·식료품 및 담배 도매업",97/08/06,"ACTIVE"
"043150","바텍","KOSDAQ","의료용 기기 제조업",06/09/29,"ACTIVE"
"003610","방림보통주","KOSPI","직물직조 및 직물제품 제조업",89/05/30,"ACTIVE"
"267790","배럴","KOSDAQ","봉제의복 제조업",18/02/01,"ACTIVE"
"035150","백산보통주","KOSPI","플라스틱제품 제조업",99/08/11,"ACTIVE"
"331520","밸로프","KOSDAQ","소프트웨어 개발 및 공급업",19/10/29,"ACTIVE"
"438700","버넥트","KOSDAQ","소프트웨어 개발 및 공급업",23/07/26,"ACTIVE"
"002410","범양건영보통주","KOSPI","건물 건설업",88/05/25,"ACTIVE"
"206400","베노티앤알","KOSDAQ","실내건축 및 건축마무리 공사업",14/12/10,"ACTIVE"
"019010","베뉴지","KOSDAQ","종합 소매업",93/11/05,"ACTIVE"
"177350","베셀","KOSDAQ","플라스틱제품 제조업",15/06/19,"ACTIVE"
"424760","벨로크","KOSDAQ","컴퓨터 프로그래밍, 시스템 통합 및 관리업",22/07/22,"ACTIVE"
"250000","보라티알","KOSDAQ","음·식료품 및 담배 도매업",17/06/08,"ACTIVE"
"002760","보락보통주","KOSPI","기타 화학제품 제조업",89/11/30,"ACTIVE"
"310210","보로노이","KOSDAQ","자연과학 및 공학 연구개발업",22/06/24,"ACTIVE"
"0010F0","보원케미칼","KOSDAQ","플라스틱제품 제조업",26/04/03,"ACTIVE"
"000890","보해양조보통주","KOSPI","알코올음료 제조업",88/09/23,"ACTIVE"
"226340","본느","KOSDAQ","기타 화학제품 제조업",15/11/05,"ACTIVE"
"206950","볼빅","KONEX","운동 및 경기용구 제조업",15/12/30,"ACTIVE"
"003000","부광약품보통주","KOSPI","의약품 제조업",88/08/05,"ACTIVE"
"001275","부국증권1우선주","KOSPI","증권",89/11/10,"ACTIVE"
"001270","부국증권보통주","KOSPI","금융 지원 서비스업",88/07/19,"ACTIVE"
"026940","부국철강 보통주","KOSPI","1차 철강 제조업",08/10/14,"ACTIVE"
"014470","부방","KOSDAQ","부동산 임대 및 공급업",94/02/25,"ACTIVE"
"005030","부산주공보통주","KOSPI","자동차 신품 부품 제조업",75/12/26,"ACTIVE"
"338220","뷰노","KOSDAQ","소프트웨어 개발 및 공급업",21/02/26,"ACTIVE"
"100120","뷰웍스","KOSDAQ","의료용 기기 제조업",09/04/10,"ACTIVE"
"099390","브레인즈컴퍼니","KOSDAQ","소프트웨어 개발 및 공급업",21/08/19,"ACTIVE"
"064480","브리지텍","KOSDAQ","소프트웨어 개발 및 공급업",08/06/04,"ACTIVE"
"089970","브이엠","KOSDAQ","특수 목적용 기계 제조업",18/08/23,"ACTIVE"
"251630","브이원텍","KOSDAQ","특수 목적용 기계 제조업",17/07/13,"ACTIVE"
"006740","블루산업개발 보통주","KOSPI","골판지, 종이 상자 및 종이용기 제조업",96/07/03,"ACTIVE"
"439580","블루엠텍","KOSDAQ","기타 전문 도매업",23/12/13,"ACTIVE"
"191600","블루탑","KONEX","전자부품 제조업",16/08/05,"ACTIVE"
"369370","블리츠웨이엔터테인먼트","KOSDAQ","창작 및 예술관련 서비스업",20/12/23,"ACTIVE"
"082800","비보존제약","KOSDAQ","의약품 제조업",05/11/18,"ACTIVE"
"318410","비비씨","KOSDAQ","기타 화학제품 제조업",20/09/21,"ACTIVE"
"002070","비비안보통주","KOSPI","봉제의복 제조업",76/07/13,"ACTIVE"
"419540","비스토스","KOSDAQ","의료용 기기 제조업",22/10/18,"ACTIVE"
"200780","비씨월드제약","KOSDAQ","의약품 제조업",14/12/15,"ACTIVE"
"413640","비아이매트릭스","KOSDAQ","소프트웨어 개발 및 공급업",23/11/09,"ACTIVE"
"141000","비아트론","KOSDAQ","특수 목적용 기계 제조업",12/05/04,"ACTIVE"
"083650","비에이치아이","KOSDAQ","일반 목적용 기계 제조업",05/12/02,"ACTIVE"
"0068Y0","비엔케이제3호기업인수목적","KOSDAQ","금융 지원 서비스업",25/11/21,"ACTIVE"
"086670","비엠티","KOSDAQ","일반 목적용 기계 제조업",07/11/02,"ACTIVE"
"230980","비유테크놀러지","KOSDAQ","소프트웨어 개발 및 공급업",16/03/02,"ACTIVE"
"082920","비츠로셀","KOSDAQ","일차전지 및 이차전지 제조업",09/10/28,"ACTIVE"
"054220","비츠로시스","KOSDAQ","전동기, 발전기 및 전기 변환 · 공급 · 제어 장치 제조업",01/12/26,"ACTIVE"
"148780","비큐에이아이","KOSDAQ","소프트웨어 개발 및 공급업",22/06/20,"ACTIVE"
"307870","비투엔","KOSDAQ","소프트웨어 개발 및 공급업",18/12/12,"ACTIVE"
"032850","비트컴퓨터","KOSDAQ","소프트웨어 개발 및 공급업",97/07/04,"ACTIVE"
"238200","비피도","KOSDAQ","기타 식품 제조업",18/12/26,"ACTIVE"
"093190","빅솔론","KOSDAQ","컴퓨터 및 주변장치 제조업",07/08/20,"ACTIVE"
"005180","빙그레보통주","KOSPI","동·식물성 유지 및 낙농제품 제조업",78/08/31,"ACTIVE"
"069540","빛과전자","KOSDAQ","통신 및 방송 장비 제조업",04/02/13,"ACTIVE"
"466410","사이냅소프트","KOSDAQ","소프트웨어 개발 및 공급업",24/11/19,"ACTIVE"
"003960","사조대림보통주","KOSPI","수산물 가공 및 저장 처리업",76/09/16,"ACTIVE"
"008040","사조동아원보통주","KOSPI","곡물가공품, 전분 및 전분제품 제조업",89/06/24,"ACTIVE"
"007160","사조산업보통주","KOSPI","수산물 가공 및 저장 처리업",89/07/25,"ACTIVE"
"006090","사조오양보통주","KOSPI","수산물 가공 및 저장 처리업",86/12/24,"ACTIVE"
"223310","사토시홀딩스","KOSDAQ","상품 종합 도매업",15/12/24,"ACTIVE"
"419120","산돌","KOSDAQ","소프트웨어 개발 및 공급업",22/10/27,"ACTIVE"
"122350","삼기","KOSDAQ","자동차 신품 부품 제조업",10/03/19,"ACTIVE"
"014970","삼륭물산","KOSDAQ","골판지, 종이 상자 및 종이용기 제조업",92/12/29,"ACTIVE"
"005610","삼립보통주","KOSPI","기타 식품 제조업",75/05/02,"ACTIVE"
"012210","삼미금속","KOSDAQ","기타 금속 가공제품 제조업",25/12/29,"ACTIVE"
"053700","삼보모터스","KOSDAQ","자동차 신품 부품 제조업",01/11/06,"ACTIVE"
"023600","삼보판지","KOSDAQ","펄프, 종이 및 판지 제조업",96/05/29,"ACTIVE"
"001470","삼부토건보통주","KOSPI","토목 건설업",76/06/26,"ACTIVE"
"448730","삼성FN리츠보통주","KOSPI","부동산 임대 및 공급업",23/04/10,"ACTIVE"
"006405","삼성SDI1우선주","KOSPI","전기·전자",89/11/24,"ACTIVE"
"006400","삼성SDI보통주","KOSPI","일차전지 및 이차전지 제조업",79/02/27,"ACTIVE"
"006660","삼성공조보통주","KOSPI","자동차 신품 부품 제조업",87/11/28,"ACTIVE"
"0071M0","삼성기업인수목적11호","KOSDAQ","금융 지원 서비스업",25/09/30,"ACTIVE"
"0115H0","삼성기업인수목적13호","KOSDAQ","금융 지원 서비스업",26/01/21,"ACTIVE"
"02826K","삼성물산1우선주(신형)","KOSPI","유통",15/09/15,"ACTIVE"
"028260","삼성물산보통주","KOSPI","기타 전문 도매업",14/12/18,"ACTIVE"
"207940","삼성바이오로직스보통주","KOSPI","기초 의약물질 제조업",16/11/10,"ACTIVE"
"018260","삼성에스디에스보통주","KOSPI","컴퓨터 프로그래밍, 시스템 통합 및 관리업",14/11/14,"ACTIVE"
"0126Z0","삼성에피스홀딩스보통주","KOSPI","기타 금융업",25/11/24,"ACTIVE"
"009155","삼성전기1우선주","KOSPI","전기·전자",89/10/10,"ACTIVE"
"009150","삼성전기보통주","KOSPI","전자부품 제조업",79/02/27,"ACTIVE"
"005935","삼성전자1우선주","KOSPI","전기·전자",89/09/25,"ACTIVE"
"001360","삼성제약","KOSPI","의약품 제조업",75/07/04,"ACTIVE"
"010140","삼성중공업보통주","KOSPI","선박 및 보트 건조업",94/01/28,"ACTIVE"
"016360","삼성증권보통주","KOSPI","금융 지원 서비스업",88/03/28,"ACTIVE"
"029780","삼성카드 보통주","KOSPI","기타 금융업",07/06/27,"ACTIVE"
"000815","삼성화재해상보험1우선주","KOSPI","보험",90/04/10,"ACTIVE"
"000810","삼성화재해상보험보통주","KOSPI","보험업",75/06/30,"ACTIVE"
"006110","삼아알미늄보통주","KOSPI","1차 비철금속 제조업",80/12/05,"ACTIVE"
"009300","삼아제약","KOSDAQ","의약품 제조업",00/07/19,"ACTIVE"
"0120G0","삼양바이오팜보통주","KOSPI","의약품 제조업",25/11/24,"ACTIVE"
"145995","삼양사1우선주","KOSPI","음식료·담배",11/12/05,"ACTIVE"
"145990","삼양사보통주","KOSPI","기타 식품 제조업",11/12/05,"ACTIVE"
"003230","삼양식품보통주","KOSPI","기타 식품 제조업",75/06/30,"ACTIVE"
"484590","삼양컴텍","KOSDAQ","무기 및 총포탄 제조업",25/08/18,"ACTIVE"
"036670","삼양케이씨아이","KOSDAQ","기타 화학제품 제조업",01/01/03,"ACTIVE"
"000070","삼양홀딩스보통주","KOSPI","기타 금융업",68/12/27,"ACTIVE"
"002810","삼영무역보통주","KOSPI","기타 전문 도매업",88/03/28,"ACTIVE"
"003720","삼영보통주","KOSPI","플라스틱제품 제조업",76/06/30,"ACTIVE"
"361670","삼영에스앤씨","KOSDAQ","전자부품 제조업",21/05/21,"ACTIVE"
"065570","삼영이엔씨","KOSDAQ","통신 및 방송 장비 제조업",03/01/21,"ACTIVE"
"023000","삼원강재 보통주","KOSPI","자동차 신품 부품 제조업",11/07/22,"ACTIVE"
"004380","삼익THK보통주","KOSPI","일반 목적용 기계 제조업",89/09/26,"ACTIVE"
"002450","삼익악기보통주","KOSPI","악기 제조업",88/09/30,"ACTIVE"
"014950","삼익제약","KOSDAQ","의약품 제조업",25/10/27,"ACTIVE"
"032280","삼일","KOSDAQ","도로 화물 운송업",97/03/15,"ACTIVE"
"004440","삼일씨엔에스보통주","KOSPI","시멘트, 석회, 플라스터 및 그 제품 제조업",16/03/30,"ACTIVE"
"009770","삼정펄프 보통주","KOSPI","펄프, 종이 및 판지 제조업",06/10/17,"ACTIVE"
"037460","삼지전자","KOSDAQ","통신 및 방송 장비 제조업",99/12/16,"ACTIVE"
"0013V0","삼진식품","KOSDAQ","수산물 가공 및 저장 처리업",25/12/22,"ACTIVE"
"054090","삼진엘앤디","KOSDAQ","그외 기타 제품 제조업",04/02/06,"ACTIVE"
"005500","삼진제약보통주","KOSPI","의약품 제조업",88/06/18,"ACTIVE"
"000250","삼천당제약","KOSDAQ","의약품 제조업",00/10/04,"ACTIVE"
"024950","삼천리자전거","KOSDAQ","생활용품 도매업",95/01/04,"ACTIVE"
"038500","삼표시멘트","KOSDAQ","기타 비금속 광물제품 제조업",01/02/01,"ACTIVE"
"017480","삼현철강","KOSDAQ","1차 철강 제조업",01/01/09,"ACTIVE"
"046390","삼화네트웍스","KOSDAQ","영화, 비디오물, 방송프로그램 제작 및 배급업",01/01/11,"ACTIVE"
"004450","삼화왕관보통주","KOSPI","기타 금속 가공제품 제조업",76/05/28,"ACTIVE"
"009470","삼화전기보통주","KOSPI","전자부품 제조업",86/11/24,"ACTIVE"
"001820","삼화콘덴서공업보통주","KOSPI","전자부품 제조업",76/06/26,"ACTIVE"
"027580","상보","KOSDAQ","플라스틱제품 제조업",07/10/01,"ACTIVE"
"038540","상상인","KOSDAQ","컴퓨터 프로그래밍, 시스템 통합 및 관리업",00/08/18,"ACTIVE"
"041650","상신브레이크보통주","KOSPI","자동차 신품 부품 제조업",04/10/27,"ACTIVE"
"091580","상신이디피","KOSDAQ","일차전지 및 이차전지 제조업",07/05/23,"ACTIVE"
"263810","상신전자","KOSDAQ","전자부품 제조업",17/10/16,"ACTIVE"
"042940","상지건설","KOSDAQ","건물 건설업",00/10/19,"ACTIVE"
"042600","새로닉스","KOSDAQ","전자부품 제조업",02/10/01,"ACTIVE"
"075180","새론오토모티브","KOSPI","자동차 신품 부품 제조업",05/10/21,"ACTIVE"
"107600","새빗켐","KOSDAQ","기타 화학제품 제조업",22/08/04,"ACTIVE"
"252990","샘씨엔에스","KOSDAQ","전자부품 제조업",21/05/20,"ACTIVE"
"007540","샘표보통주","KOSPI","기타 금융업",76/06/29,"ACTIVE"
"248170","샘표식품보통주","KOSPI","기타 식품 제조업",16/08/09,"ACTIVE"
"378800","샤페론","KOSDAQ","기초 의약물질 제조업",22/10/19,"ACTIVE"
"006730","서부티엔디","KOSDAQ","일반 및 생활 숙박시설 운영업",95/10/06,"ACTIVE"
"100660","서암기계공업","KOSDAQ","일반 목적용 기계 제조업",11/12/19,"ACTIVE"
"007860","서연보통주","KOSPI","기타 금융업",89/09/09,"ACTIVE"
"200880","서연이화보통주","KOSPI","자동차 신품 부품 제조업",14/08/08,"ACTIVE"
"019770","서연탑메탈","KOSDAQ","특수 목적용 기계 제조업",11/06/24,"ACTIVE"
"046890","서울반도체","KOSDAQ GLOBAL","반도체 제조업",02/01/17,"ACTIVE"
"031210","서울보증보험보통주","KOSPI","보험업",25/03/14,"ACTIVE"
"004415","서울식품공업1우선주","KOSPI","음식료·담배",89/05/22,"ACTIVE"
"004410","서울식품공업보통주","KOSPI","기타 식품 제조업",73/12/28,"ACTIVE"
"063170","서울옥션","KOSDAQ","상품 중개업",08/07/01,"ACTIVE"
"018680","서울제약","KOSDAQ","의약품 제조업",00/08/18,"ACTIVE"
"021050","서원보통주","KOSPI","금속 주조업",96/01/30,"ACTIVE"
"093920","서원인텍","KOSDAQ","통신 및 방송 장비 제조업",07/12/20,"ACTIVE"
"189860","서전기전","KOSDAQ","전동기, 발전기 및 전기 변환 · 공급 · 제어 장치 제조업",14/12/24,"ACTIVE"
"140070","서플러스글로벌","KOSDAQ","기계장비 및 관련 물품 도매업",17/01/25,"ACTIVE"
"011370","서한","KOSDAQ","건물 건설업",94/05/24,"ACTIVE"
"008490","서흥보통주","KOSPI","기타 화학제품 제조업",90/03/27,"ACTIVE"
"035890","서희건설","KOSDAQ","건물 건설업",99/12/24,"ACTIVE"
"357550","석경에이티","KOSDAQ","기초 화학물질 제조업",20/12/23,"ACTIVE"
"217620","선샤인푸드","KOSDAQ","일반서비스",15/06/10,"ACTIVE"
"002820","선앤엘보통주","KOSPI","플라스틱제품 제조업",76/05/22,"ACTIVE"
"171090","선익시스템","KOSDAQ","특수 목적용 기계 제조업",17/09/20,"ACTIVE"
"136490","선진보통주","KOSPI","동물용 사료 및 조제식품 제조업",11/02/16,"ACTIVE"
"086710","선진뷰티사이언스","KOSDAQ","기타 화학제품 제조업",21/01/27,"ACTIVE"
"014915","성문전자1우선주","KOSPI","전기·전자",90/03/24,"ACTIVE"
"014910","성문전자보통주","KOSPI","전자부품 제조업",90/03/24,"ACTIVE"
"004985","성신양회1우선주","KOSPI","비금속",88/12/21,"ACTIVE"
"004980","성신양회보통주","KOSPI","시멘트, 석회, 플라스터 및 그 제품 제조업",76/06/30,"ACTIVE"
"458650","성우","KOSDAQ","일차전지 및 이차전지 제조업",24/10/31,"ACTIVE"
"015750","성우하이텍","KOSDAQ","자동차 신품 부품 제조업",95/11/04,"ACTIVE"
"365340","성일하이텍","KOSDAQ","기초 화학물질 제조업",22/07/28,"ACTIVE"
"043260","성호전자","KOSDAQ","전자부품 제조업",01/11/29,"ACTIVE"
"148150","세경하이테크","KOSDAQ","전자부품 제조업",19/07/30,"ACTIVE"
"002420","세기상사보통주","KOSPI","연료 소매업",68/12/27,"ACTIVE"
"061090","세나테크놀로지","KOSDAQ","통신 및 방송 장비 제조업",25/11/14,"ACTIVE"
"053060","세동","KOSDAQ","자동차 신품 부품 제조업",01/08/17,"ACTIVE"
"340440","세림비앤지","KOSDAQ","플라스틱제품 제조업",19/12/27,"ACTIVE"
"004365","세방1우선주","KOSPI","운송·창고",89/10/21,"ACTIVE"
"004360","세방보통주","KOSPI","도로 화물 운송업",77/05/19,"ACTIVE"
"004490","세방전지보통주","KOSPI","일차전지 및 이차전지 제조업",87/11/28,"ACTIVE"
"267080","세븐브로이맥주","KONEX","알코올음료 제조업",24/01/17,"ACTIVE"
"396300","세아메카닉스","KOSDAQ","기타 금속 가공제품 제조업",22/03/24,"ACTIVE"
"306200","세아제강보통주","KOSPI","1차 철강 제조업",18/10/05,"ACTIVE"
"003030","세아제강지주보통주","KOSPI","기타 금융업",69/05/13,"ACTIVE"
"058650","세아홀딩스보통주","KOSPI","1차 철강 제조업",01/07/30,"ACTIVE"
"013000","세우글로벌보통주","KOSPI","기타 전문 도매업",89/09/05,"ACTIVE"
"024830","세원물산","KOSDAQ","자동차 신품 부품 제조업",94/12/29,"ACTIVE"
"021820","세원정공보통주","KOSPI","자동차 신품 부품 제조업",96/07/03,"ACTIVE"
"067830","세이브존I&C보통주","KOSPI","종합 소매업",02/07/25,"ACTIVE"
"036630","세종텔레콤","KOSDAQ","전기 및 통신 공사업",00/01/04,"ACTIVE"
"075580","세진중공업보통주","KOSPI","선박 및 보트 건조업",15/11/30,"ACTIVE"
"067770","세진티에스","KOSDAQ","전자부품 제조업",04/01/09,"ACTIVE"
"252500","세화피앤씨","KOSDAQ","기타 화학제품 제조업",16/11/02,"ACTIVE"
"321370","센서뷰","KOSDAQ","전자부품 제조업",23/07/19,"ACTIVE"
"331920","셀레믹스","KOSDAQ","기초 의약물질 제조업",20/08/21,"ACTIVE"
"471820","셀로맥스사이언스","KOSDAQ","기타 식품 제조업",24/12/13,"ACTIVE"
"049180","셀루메드","KOSDAQ","기초 의약물질 제조업",02/05/23,"ACTIVE"
"108860","셀바스에이아이","KOSDAQ","소프트웨어 개발 및 공급업",09/12/10,"ACTIVE"
"318160","셀바이오휴먼텍","KOSDAQ","기타 섬유제품 제조업",23/04/20,"ACTIVE"
"308430","셀비온","KOSDAQ","의약품 제조업",24/10/16,"ACTIVE"
"068760","셀트리온제약","KOSDAQ","의약품 제조업",06/02/03,"ACTIVE"
"068940","셀피글로벌","KOSDAQ","전자부품 제조업",10/10/19,"ACTIVE"
"290690","소룩스","KOSDAQ","전구 및 조명장치 제조업",20/11/06,"ACTIVE"
"032680","소프트센","KOSDAQ","기타 정보 서비스업",97/07/18,"ACTIVE"
"032685","소프트센1우선주","KOSDAQ","IT 서비스",02/04/16,"ACTIVE"
"258790","소프트캠프","KOSDAQ","소프트웨어 개발 및 공급업",17/04/27,"ACTIVE"
"066910","손오공","KOSDAQ","기타 전문 도매업",05/01/07,"ACTIVE"
"238500","솔루믹스","KONEX","그외 기타 전문, 과학 및 기술 서비스업",16/04/20,"ACTIVE"
"33637K","솔루스첨단소재1우선주","KOSPI","전기·전자",19/10/18,"ACTIVE"
"33637L","솔루스첨단소재2우선주(신형)","KOSPI","전기·전자",19/10/18,"ACTIVE"
"336370","솔루스첨단소재보통주","KOSPI","전자부품 제조업",19/10/18,"ACTIVE"
"248070","솔루엠보통주","KOSPI","전자부품 제조업",21/02/02,"ACTIVE"
"357780","솔브레인","KOSDAQ GLOBAL","기타 화학제품 제조업",20/08/06,"ACTIVE"
"036830","솔브레인홀딩스","KOSDAQ GLOBAL","회사 본부 및 경영 컨설팅 서비스업",00/01/18,"ACTIVE"
"328380","솔트웨어","KOSDAQ","컴퓨터 프로그래밍, 시스템 통합 및 관리업",19/08/20,"ACTIVE"
"086980","쇼박스","KOSDAQ","영화, 비디오물, 방송프로그램 제작 및 배급업",06/07/07,"ACTIVE"
"050960","수산아이앤티","KOSDAQ","소프트웨어 개발 및 공급업",16/10/11,"ACTIVE"
"126720","수산인더스트리보통주","KOSPI","전기 및 통신 공사업",22/08/01,"ACTIVE"
"084180","수성웹툰","KOSDAQ","일반 목적용 기계 제조업",05/12/16,"ACTIVE"
"067160","숲","KOSDAQ GLOBAL","소프트웨어 개발 및 공급업",03/12/19,"ACTIVE"
"298830","슈어소프트테크","KOSDAQ","소프트웨어 개발 및 공급업",23/04/28,"ACTIVE"
"094840","슈프리마에이치큐","KOSDAQ","통신 및 방송 장비 제조업",08/07/11,"ACTIVE"
"192440","슈피겐코리아","KOSDAQ","그외 기타 제품 제조업",14/11/05,"ACTIVE"
"099440","스맥","KOSDAQ","특수 목적용 기계 제조업",09/05/26,"ACTIVE"
"066590","스모트로닉","KOSDAQ","자동차 신품 부품 제조업",03/02/12,"ACTIVE"
"357880","스카이월드와이드","KOSDAQ","소프트웨어 개발 및 공급업",21/11/10,"ACTIVE"
"276040","스코넥엔터테인먼트","KOSDAQ","소프트웨어 개발 및 공급업",22/02/04,"ACTIVE"
"060240","스타코링크","KOSDAQ","선박 및 보트 건조업",02/01/04,"ACTIVE"
"115570","스타플렉스","KOSDAQ","플라스틱제품 제조업",10/01/27,"ACTIVE"
"078860","스테이지원엔터","KOSDAQ","영화, 비디오물, 방송프로그램 제작 및 배급업",06/06/27,"ACTIVE"
"330730","스톤브릿지벤처스","KOSDAQ","기타 금융업",22/02/25,"ACTIVE"
"253450","스튜디오드래곤 주식회사","KOSDAQ GLOBAL","영화, 비디오물, 방송프로그램 제작 및 배급업",17/11/24,"ACTIVE"
"415380","스튜디오삼익","KOSDAQ","기타 생활용품 소매업",24/02/06,"ACTIVE"
"026890","스틱인베스트먼트보통주","KOSPI","신탁업 및 집합투자업",97/11/25,"ACTIVE"
"013810","스페코","KOSDAQ","특수 목적용 기계 제조업",97/11/03,"ACTIVE"
"020710","시공테크","KOSDAQ","전문디자인업",99/08/13,"ACTIVE"
"033170","시그네틱스","KOSDAQ","반도체 제조업",10/11/26,"ACTIVE"
"025320","시노펙스","KOSDAQ","전자부품 제조업",95/04/20,"ACTIVE"
"134790","시디즈보통주","KOSPI","가구 제조업",11/01/25,"ACTIVE"
"340810","시선에이아이","KOSDAQ","소프트웨어 개발 및 공급업",23/05/19,"ACTIVE"
"000480","시알홀딩스보통주","KOSPI","내화, 비내화 요업제품 제조업",78/06/30,"ACTIVE"
"429270","시지트로닉스","KOSDAQ","반도체 제조업",23/08/03,"ACTIVE"
"418250","시큐레터","KOSDAQ","소프트웨어 개발 및 공급업",23/08/24,"ACTIVE"
"462870","시프트업보통주","KOSPI","소프트웨어 개발 및 공급업",24/07/11,"ACTIVE"
"029530","신도리코보통주","KOSPI","컴퓨터 및 주변장치 제조업",96/12/24,"ACTIVE"
"004970","신라교역보통주","KOSPI","어로 어업",76/06/30,"ACTIVE"
"001000","신라섬유","KOSDAQ","부동산 임대 및 공급업",94/06/28,"ACTIVE"
"025870","신라에스지","KOSDAQ","음·식료품 및 담배 도매업",95/07/07,"ACTIVE"
"215600","신라젠","KOSDAQ","자연과학 및 공학 연구개발업",16/12/06,"ACTIVE"
"011930","신성이엔지보통주","KOSPI","반도체 제조업",96/07/31,"ACTIVE"
"004170","신세계보통주","KOSPI","종합 소매업",85/08/19,"ACTIVE"
"035510","신세계아이앤씨 보통주","KOSPI","컴퓨터 프로그래밍, 시스템 통합 및 관리업",06/05/18,"ACTIVE"
"031440","신세계푸드보통주","KOSPI","음식점업",10/04/29,"ACTIVE"
"006880","신송홀딩스보통주","KOSPI","산업용 농·축산물 및 동·식물 도매업",13/11/21,"ACTIVE"
"162300","신스틸","KOSDAQ","1차 철강 제조업",22/12/23,"ACTIVE"
"005800","신영와코루보통주","KOSPI","봉제의복 제조업",76/12/28,"ACTIVE"
"001720","신영증권보통주","KOSPI","금융 지원 서비스업",87/08/24,"ACTIVE"
"472220","신영해피투모로우제10호기업인수목적","KOSDAQ","금융 지원 서비스업",24/02/06,"ACTIVE"
"009270","신원보통주","KOSPI","봉제의복 제조업",88/08/24,"ACTIVE"
"017000","신원종합개발","KOSDAQ","건물 건설업",94/12/07,"ACTIVE"
"002700","신일전자보통주","KOSPI","기계장비 및 관련 물품 도매업",75/09/30,"ACTIVE"
"012790","신일제약","KOSDAQ","의약품 제조업",99/08/13,"ACTIVE"
"002870","신풍보통주","KOSPI","기타 전문 도매업",76/06/30,"ACTIVE"
"019175","신풍제약1우선주","KOSPI","제약",90/01/20,"ACTIVE"
"019170","신풍제약보통주","KOSPI","의약품 제조업",90/01/20,"ACTIVE"
"481850","신한글로벌액티브리츠보통주","KOSPI","신탁업 및 집합투자업",24/07/01,"ACTIVE"
"055550","신한금융지주회사보통주","KOSPI","기타 금융업",01/09/10,"ACTIVE"
"293940","신한알파리츠보통주","KOSPI","부동산 임대 및 공급업",18/08/08,"ACTIVE"
"474660","신한제12호기업인수목적","KOSDAQ","금융 지원 서비스업",24/04/15,"ACTIVE"
"474930","신한제13호기업인수목적","KOSDAQ","금융 지원 서비스업",24/04/22,"ACTIVE"
"487360","신한제14호기업인수목적","KOSDAQ","금융 지원 서비스업",24/12/23,"ACTIVE"
"496070","신한제16호기업인수목적","KOSDAQ","금융 지원 서비스업",25/05/29,"ACTIVE"
"0130D0","신한제17호기업인수목적","KOSDAQ","금융 지원 서비스업",26/04/01,"ACTIVE"
"0129K0","신한제18호기업인수목적","KOSDAQ","금융 지원 서비스업",26/04/30,"ACTIVE"
"095190","신화프리텍","KOSDAQ","기타 금속 가공제품 제조업",07/10/29,"ACTIVE"
"243840","신흥에스이씨","KOSDAQ","일차전지 및 이차전지 제조업",17/09/27,"ACTIVE"
"257720","실리콘투","KOSDAQ","상품 종합 도매업",21/09/29,"ACTIVE"
"444530","심플랫폼","KOSDAQ","소프트웨어 개발 및 공급업",25/03/21,"ACTIVE"
"160980","싸이맥스","KOSDAQ","특수 목적용 기계 제조업",15/06/17,"ACTIVE"
"356890","싸이버원","KOSDAQ","소프트웨어 개발 및 공급업",21/03/11,"ACTIVE"
"004770","써니전자보통주","KOSPI","전자부품 제조업",87/04/22,"ACTIVE"
"208640","썸에이지","KOSDAQ","소프트웨어 개발 및 공급업",14/12/29,"ACTIVE"
"037760","쎄니트","KOSDAQ","1차 철강 제조업",00/04/07,"ACTIVE"
"081180","쎄크","KOSDAQ","일반 목적용 기계 제조업",25/04/28,"ACTIVE"
"049960","쎌바이오텍","KOSDAQ","기초 의약물질 제조업",02/12/13,"ACTIVE"
"088280","쏘닉스","KOSDAQ","반도체 제조업",23/11/07,"ACTIVE"
"403550","쏘카보통주","KOSPI","운송장비 임대업",22/08/22,"ACTIVE"
"394800","쓰리빌리언","KOSDAQ","자연과학 및 공학 연구개발업",24/11/14,"ACTIVE"
"475400","씨메스로보틱스","KOSDAQ","특수 목적용 기계 제조업",24/10/24,"ACTIVE"
"066790","씨씨에스충북방송","KOSDAQ","텔레비전 방송업",03/05/30,"ACTIVE"
"222080","씨아이에스","KOSDAQ GLOBAL","특수 목적용 기계 제조업",15/09/02,"ACTIVE"
"004920","씨아이테크보통주","KOSPI","영상 및 음향기기 제조업",89/11/30,"ACTIVE"
"103660","씨앗","KONEX","기타 화학제품 제조업",15/06/22,"ACTIVE"
"245450","씨앤에스링크","KONEX","통신 및 방송 장비 제조업",16/06/24,"ACTIVE"
"264660","씨앤지하이테크","KOSDAQ","특수 목적용 기계 제조업",18/01/25,"ACTIVE"
"056730","씨앤티85","KOSDAQ","건물 건설업",02/01/04,"ACTIVE"
"458870","씨어스","KOSDAQ","의료용 기기 제조업",24/06/19,"ACTIVE"
"065770","씨에스","KOSDAQ","통신 및 방송 장비 제조업",04/06/04,"ACTIVE"
"083660","씨에스에이코스믹","KOSDAQ","기타 화학제품 제조업",06/07/25,"ACTIVE"
"900120","씨엑스아이헬스케어테크놀리지그룹리미티드","KOSDAQ","기타 금융업",10/03/31,"ACTIVE"
"359090","씨엔알리서치","KOSDAQ","그외 기타 전문, 과학 및 기술 서비스업",20/09/23,"ACTIVE"
"115530","씨엔플러스","KOSDAQ","전자부품 제조업",11/11/02,"ACTIVE"
"388210","씨엠티엑스","KOSDAQ","전자부품 제조업",25/11/20,"ACTIVE"
"115480","씨유메디칼시스템","KOSDAQ","의료용 기기 제조업",11/12/15,"ACTIVE"
"376290","씨유테크","KOSDAQ","전자부품 제조업",21/10/08,"ACTIVE"
"189330","씨이랩","KOSDAQ","소프트웨어 개발 및 공급업",21/02/24,"ACTIVE"
"311690","씨제이바이오사이언스","KOSDAQ","자연과학 및 공학 연구개발업",19/12/26,"ACTIVE"
"079160","씨제이씨지브이 보통주","KOSPI","영화, 비디오물, 방송프로그램 제작 및 배급업",04/12/24,"ACTIVE"
"097955","씨제이제일제당 주식회사 1우선주","KOSPI","음식료·담배",07/09/28,"ACTIVE"
"097950","씨제이제일제당 주식회사 보통주","KOSPI","기타 식품 제조업",07/09/28,"ACTIVE"
"051500","씨제이프레시웨이","KOSDAQ","음·식료품 및 담배 도매업",01/07/26,"ACTIVE"
"083790","씨지인바이츠","KOSDAQ","자연과학 및 공학 연구개발업",06/01/06,"ACTIVE"
"480370","씨케이솔루션보통주","KOSPI","일반 목적용 기계 제조업",25/03/17,"ACTIVE"
"101240","씨큐브","KOSDAQ","기초 화학물질 제조업",11/11/08,"ACTIVE"
"308170","씨티알모빌리티보통주","KOSPI","자동차 신품 부품 제조업",19/11/25,"ACTIVE"
"260930","씨티케이","KOSDAQ","기타 화학제품 제조업",17/12/07,"ACTIVE"
"013990","아가방앤컴퍼니","KOSDAQ","생활용품 도매업",02/01/17,"ACTIVE"
"123860","아나패스","KOSDAQ","반도체 제조업",10/11/05,"ACTIVE"
"025980","아난티","KOSDAQ","일반 및 생활 숙박시설 운영업",96/01/06,"ACTIVE"
"0015N0","아로마티카","KOSDAQ","기타 화학제품 제조업",25/11/27,"ACTIVE"
"125210","아모그린텍","KOSDAQ","전자부품 제조업",19/03/29,"ACTIVE"
"090435","아모레퍼시픽 1우선주","KOSPI","화학",06/06/29,"ACTIVE"
"090430","아모레퍼시픽 보통주","KOSPI","기타 화학제품 제조업",06/06/29,"ACTIVE"
"002795","아모레퍼시픽홀딩스1우선주","KOSPI","화학",89/06/30,"ACTIVE"
"00279K","아모레퍼시픽홀딩스3우선주(전환)","KOSPI","화학",19/12/26,"ACTIVE"
"052710","아모텍","KOSDAQ","전자부품 제조업",03/08/01,"ACTIVE"
"074430","아미노로직스","KOSDAQ","기초 의약물질 제조업",04/06/04,"ACTIVE"
"092040","아미코젠","KOSDAQ","기타 식품 제조업",13/09/12,"ACTIVE"
"083930","아바코","KOSDAQ","특수 목적용 기계 제조업",05/10/11,"ACTIVE"
"149950","아바텍","KOSDAQ","전자부품 제조업",12/11/06,"ACTIVE"
"036010","아비코전자","KOSDAQ","전자부품 제조업",02/07/03,"ACTIVE"
"183190","아세아시멘트보통주","KOSPI","시멘트, 석회, 플라스터 및 그 제품 제조업",13/11/06,"ACTIVE"
"050860","아세아텍","KOSDAQ","특수 목적용 기계 제조업",10/01/26,"ACTIVE"
"012170","아센디오보통주","KOSPI","영화, 비디오물, 방송프로그램 제작 및 배급업",89/12/20,"ACTIVE"
"246720","아스타","KOSDAQ","의료용품 및 기타 의약 관련제품 제조업",17/03/20,"ACTIVE"
"450950","아스테라시스","KOSDAQ","의료용 기기 제조업",25/01/24,"ACTIVE"
"159010","아스플로","KOSDAQ","일반 목적용 기계 제조업",21/10/07,"ACTIVE"
"267850","아시아나IDT보통주","KOSPI","컴퓨터 프로그래밍, 시스템 통합 및 관리업",18/11/23,"ACTIVE"
"020560","아시아나항공 보통주","KOSPI","항공 여객 운송업",08/03/28,"ACTIVE"
"227610","아우딘퓨쳐스","KOSDAQ","기타 화학제품 제조업",17/07/12,"ACTIVE"
"143160","아이디스","KOSDAQ","통신 및 방송 장비 제조업",11/09/26,"ACTIVE"
"332370","아이디피","KOSDAQ","컴퓨터 및 주변장치 제조업",20/08/24,"ACTIVE"
"066430","아이로보틱스","KOSDAQ","기타 전문 도매업",02/12/24,"ACTIVE"
"339950","아이비김영","KOSDAQ","일반 교습 학원",19/12/24,"ACTIVE"
"469750","아이비젼웍스","KOSDAQ","특수 목적용 기계 제조업",24/09/03,"ACTIVE"
"469480","아이비케이에스제24호기업인수목적","KOSDAQ","금융 지원 서비스업",24/02/01,"ACTIVE"
"0099X0","아이비케이에스제25호기업인수목적","KOSDAQ","금융 지원 서비스업",25/12/19,"ACTIVE"
"099190","아이센스","KOSDAQ","의료용 기기 제조업",13/01/30,"ACTIVE"
"461300","아이스크림미디어","KOSDAQ","소프트웨어 개발 및 공급업",24/08/30,"ACTIVE"
"214430","아이쓰리시스템","KOSDAQ","전자부품 제조업",15/07/30,"ACTIVE"
"040910","아이씨디","KOSDAQ","특수 목적용 기계 제조업",11/08/05,"ACTIVE"
"368600","아이씨에이치","KOSDAQ","전자부품 제조업",22/07/29,"ACTIVE"
"052860","아이앤씨테크놀로지","KOSDAQ","반도체 제조업",09/10/06,"ACTIVE"
"464500","아이언디바이스","KOSDAQ","반도체 제조업",24/09/23,"ACTIVE"
"095340","아이에스시","KOSDAQ GLOBAL","기계장비 및 관련 물품 도매업",07/10/01,"ACTIVE"
"212710","아이에스티이","KOSDAQ","반도체 제조업",25/02/12,"ACTIVE"
"307180","아이엘","KOSDAQ","전구 및 조명장치 제조업",18/12/21,"ACTIVE"
"101390","아이엠","KOSDAQ","전자부품 제조업",08/07/23,"ACTIVE"
"139130","아이엠금융지주보통주","KOSPI","기타 금융업",11/06/07,"ACTIVE"
"493280","아이엠바이오로직스","KOSDAQ","자연과학 및 공학 연구개발업",26/03/20,"ACTIVE"
"456570","아이엠지티","KONEX","의료용품 및 기타 의약 관련제품 제조업",23/07/19,"ACTIVE"
"447690","아이오바이오","KONEX","의료용 기기 제조업",22/12/28,"ACTIVE"
"031310","아이즈비전","KOSDAQ","전기 통신업",97/07/25,"ACTIVE"
"462980","아이지넷","KOSDAQ","기타 정보 서비스업",25/02/04,"ACTIVE"
"059100","아이컴포넌트","KOSDAQ","전자부품 제조업",08/12/16,"ACTIVE"
"149010","아이케이세미콘","KONEX","반도체 제조업",14/11/14,"ACTIVE"
"175250","아이큐어","KOSDAQ","기타 화학제품 제조업",18/07/12,"ACTIVE"
"119830","아이텍","KOSDAQ","그외 기타 전문, 과학 및 기술 서비스업",10/10/26,"ACTIVE"
"052770","아이톡시","KOSDAQ","소프트웨어 개발 및 공급업",02/08/22,"ACTIVE"
"010280","아이티센엔텍","KOSDAQ","컴퓨터 프로그래밍, 시스템 통합 및 관리업",00/04/14,"ACTIVE"
"232830","아이티센피엔에스","KOSDAQ","소프트웨어 개발 및 공급업",23/06/29,"ACTIVE"
"372800","아이티아이즈","KOSDAQ","소프트웨어 개발 및 공급업",21/11/11,"ACTIVE"
"309710","아이티켐","KOSDAQ","기초 의약물질 제조업",25/08/07,"ACTIVE"
"114840","아이패밀리에스씨","KOSDAQ","기타 화학제품 제조업",21/10/28,"ACTIVE"
"139990","아주스틸보통주","KOSPI","1차 철강 제조업",21/08/20,"ACTIVE"
"027360","아주아이비투자","KOSDAQ","기타 금융업",18/11/21,"ACTIVE"
"013310","아진산업","KOSDAQ","자동차 신품 부품 제조업",15/12/22,"ACTIVE"
"009320","아진전자부품보통주","KOSPI","자동차 신품 부품 제조업",89/08/25,"ACTIVE"
"0007C0","아크릴","KOSDAQ","소프트웨어 개발 및 공급업",25/12/16,"ACTIVE"
"203690","아크솔루션스","KOSDAQ","펄프, 종이 및 판지 제조업",14/09/30,"ACTIVE"
"158430","아톤","KOSDAQ","소프트웨어 개발 및 공급업",19/10/17,"ACTIVE"
"321820","아티스트컴퍼니","KOSDAQ","창작 및 예술관련 서비스업",21/02/03,"ACTIVE"
"149300","아퓨어스","KONEX","자연과학 및 공학 연구개발업",19/09/03,"ACTIVE"
"001540","안국약품","KOSDAQ","의약품 제조업",00/06/15,"ACTIVE"
"251280","안지오랩","KONEX","자연과학 및 공학 연구개발업",16/10/25,"ACTIVE"
"065660","안트로젠","KOSDAQ","기타 전문 도매업",16/02/15,"ACTIVE"
"001780","알루코 보통주","KOSPI","1차 비철금속 제조업",07/06/07,"ACTIVE"
"354320","알멕","KOSDAQ","1차 비철금속 제조업",23/06/30,"ACTIVE"
"361570","알비더블유","KOSDAQ","오디오물 출판 및 원판 녹음업",21/11/22,"ACTIVE"
"131370","알서포트","KOSDAQ","소프트웨어 개발 및 공급업",11/01/05,"ACTIVE"
"140670","알에스오토메이션","KOSDAQ","전자부품 제조업",17/08/11,"ACTIVE"
"096610","알에프세미","KOSDAQ","반도체 제조업",07/11/20,"ACTIVE"
"474610","알에프시스템즈","KOSDAQ","기타 금속 가공제품 제조업",24/11/19,"ACTIVE"
"218410","알에프에이치아이씨","KOSDAQ","통신 및 방송 장비 제조업",15/06/30,"ACTIVE"
"148250","알엔투테크놀로지","KOSDAQ","전자부품 제조업",16/06/22,"ACTIVE"
"123010","알엔티엑스","KOSDAQ","전자부품 제조업",16/07/20,"ACTIVE"
"476830","알지노믹스","KOSDAQ","자연과학 및 공학 연구개발업",25/12/18,"ACTIVE"
"196170","알테오젠","KOSDAQ GLOBAL","자연과학 및 공학 연구개발업",14/12/12,"ACTIVE"
"123750","알톤","KOSDAQ","그외 기타 운송장비 제조업",10/07/02,"ACTIVE"
"459550","알트","KOSDAQ","통신 및 방송 장비 제조업",25/11/17,"ACTIVE"
"043100","알파에이아이","KOSDAQ","의료용 기기 제조업",00/08/08,"ACTIVE"
"117670","알파칩스","KOSDAQ","반도체 제조업",10/09/17,"ACTIVE"
"314140","알피바이오","KOSDAQ","의약품 제조업",22/09/29,"ACTIVE"
"291650","압타머사이언스","KOSDAQ","자연과학 및 공학 연구개발업",20/09/16,"ACTIVE"
"018250","애경산업보통주","KOSPI","기타 화학제품 제조업",18/03/22,"ACTIVE"
"161000","애경케미칼보통주","KOSPI","기초 화학물질 제조업",12/09/17,"ACTIVE"
"310200","애니플러스","KOSDAQ","영화, 비디오물, 방송프로그램 제작 및 배급업",18/12/21,"ACTIVE"
"179530","애드바이오텍","KOSDAQ","의약품 제조업",22/01/24,"ACTIVE"
"397810","애드포러스","KOSDAQ","광고업",25/08/22,"ACTIVE"
"0011A0","액스비스","KOSDAQ","기타 전기장비 제조업",26/03/09,"ACTIVE"
"052790","액토즈소프트","KOSDAQ","소프트웨어 개발 및 공급업",01/08/14,"ACTIVE"
"290740","액트로","KOSDAQ","전자부품 제조업",18/08/28,"ACTIVE"
"238090","앤디포스","KOSDAQ","플라스틱제품 제조업",16/10/12,"ACTIVE"
"092600","앤씨앤","KOSDAQ","반도체 제조업",07/06/26,"ACTIVE"
"129890","앱코","KOSDAQ","컴퓨터 및 주변장치 제조업",20/12/02,"ACTIVE"
"109960","앱토크롬","KOSDAQ","기타 전문 도매업",09/11/13,"ACTIVE"
"270520","앱튼","KOSDAQ","건축기술, 엔지니어링 및 관련 기술 서비스업",17/08/22,"ACTIVE"
"255440","야스","KOSDAQ","특수 목적용 기계 제조업",17/09/29,"ACTIVE"
"238120","얼라인드제네틱스","KOSDAQ","사진장비 및 광학기기 제조업",16/11/03,"ACTIVE"
"019990","에너토크","KOSDAQ","일반 목적용 기계 제조업",06/02/01,"ACTIVE"
"011090","에넥스보통주","KOSPI","가구 제조업",95/07/08,"ACTIVE"
"435570","에르코스 농업회사법인","KOSDAQ","도시락 및 식사용 조리식품 제조업",25/02/28,"ACTIVE"
"137310","에스디바이오센서보통주","KOSPI","의료용 기기 제조업",21/07/16,"ACTIVE"
"217480","에스디생명공학","KOSDAQ","기타 화학제품 제조업",17/03/02,"ACTIVE"
"121890","에스디시스템","KOSDAQ","전자부품 제조업",10/07/16,"ACTIVE"
"099220","에스디엔","KOSDAQ","기계장비 및 관련 물품 도매업",09/05/19,"ACTIVE"
"289080","에스브이인베스트먼트","KOSDAQ","기타 금융업",18/07/06,"ACTIVE"
"003080","에스비성보보통주","KOSPI","비료, 농약 및 살균, 살충제 제조업",76/12/23,"ACTIVE"
"034120","에스비에스보통주","KOSPI","텔레비전 방송업",03/06/25,"ACTIVE"
"042110","에스씨디","KOSDAQ","가정용 기기 제조업",00/07/13,"ACTIVE"
"246960","에스씨엘사이언스","KOSDAQ","의료용품 및 기타 의약 관련제품 제조업",19/02/01,"ACTIVE"
"270210","에스알바이오텍","KONEX","기타 화학제품 제조업",17/06/15,"ACTIVE"
"103230","에스앤더블류","KOSDAQ","일반 목적용 기계 제조업",09/08/05,"ACTIVE"
"101490","에스앤에스텍","KOSDAQ","전자부품 제조업",09/04/14,"ACTIVE"
"419530","에스에이엠지엔터테인먼트","KOSDAQ","영화, 비디오물, 방송프로그램 제작 및 배급업",22/12/06,"ACTIVE"
"036540","에스에프에이반도체","KOSDAQ","반도체 제조업",01/05/02,"ACTIVE"
"0008Z0","에스엔시스","KOSDAQ","전동기, 발전기 및 전기 변환 · 공급 · 제어 장치 제조업",25/08/19,"ACTIVE"
"091340","에스엔케이폴리텍","KOSDAQ","전자부품 제조업",07/07/30,"ACTIVE"
"005850","에스엘보통주","KOSPI","자동차 신품 부품 제조업",88/11/08,"ACTIVE"
"010580","에스엠벡셀보통주","KOSPI","자동차 신품 부품 제조업",94/12/27,"ACTIVE"
"460870","에스엠씨지","KOSDAQ","유리 및 유리제품 제조업",25/03/07,"ACTIVE"
"041510","에스엠엔터테인먼트","KOSDAQ GLOBAL","오디오물 출판 및 원판 녹음업",00/04/27,"ACTIVE"
"048550","에스엠컬처앤콘텐츠","KOSDAQ","광고업",01/01/18,"ACTIVE"
"365330","에스와이스틸텍","KOSDAQ","구조용 금속제품, 탱크 및 증기발생기 제조업",23/11/13,"ACTIVE"
"002170","에스와이티에스보통주","KOSPI","가죽, 가방 및 유사제품 제조업",89/11/10,"ACTIVE"
"012750","에스원보통주","KOSPI","경비, 경호 및 탐정업",96/01/30,"ACTIVE"
"033530","에스제이지세종보통주","KOSPI","자동차 신품 부품 제조업",02/09/25,"ACTIVE"
"217910","에스제이켐","KONEX","기초 화학물질 제조업",18/04/27,"ACTIVE"
"004060","에스지세계물산보통주","KOSPI","상품 종합 도매업",76/04/19,"ACTIVE"
"184230","에스지에이 솔루션즈","KOSDAQ","소프트웨어 개발 및 공급업",13/12/20,"ACTIVE"
"255220","에스지이","KOSDAQ","기타 비금속 광물제품 제조업",18/01/26,"ACTIVE"
"006125","에스케이디스커버리1우선주","KOSPI","기타금융",89/11/24,"ACTIVE"
"006120","에스케이디스커버리보통주","KOSPI","기타 금융업",76/06/29,"ACTIVE"
"302440","에스케이바이오사이언스보통주","KOSPI","기초 의약물질 제조업",21/03/18,"ACTIVE"
"326030","에스케이바이오팜보통주","KOSPI","자연과학 및 공학 연구개발업",20/07/02,"ACTIVE"
"475150","에스케이이터닉스보통주","KOSPI","건물 건설업",24/03/29,"ACTIVE"
"473000","에스케이증권제12호기업인수목적","KOSDAQ","금융 지원 서비스업",24/05/07,"ACTIVE"
"000660","에스케이하이닉스보통주","KOSPI","반도체 제조업",96/12/26,"ACTIVE"
"475660","에스켐","KOSDAQ","기타 화학제품 제조업",24/11/18,"ACTIVE"
"096630","에스코넥","KOSDAQ","통신 및 방송 장비 제조업",07/12/26,"ACTIVE"
"069510","에스텍","KOSDAQ","영상 및 음향기기 제조업",03/11/14,"ACTIVE"
"488280","에스투더블유","KOSDAQ","소프트웨어 개발 및 공급업",25/09/19,"ACTIVE"
"098660","에스티오","KOSDAQ","봉제의복 제조업",09/04/17,"ACTIVE"
"052020","에스티큐브","KOSDAQ","기계장비 및 관련 물품 도매업",01/07/05,"ACTIVE"
"237690","에스티팜","KOSDAQ GLOBAL","의약품 제조업",16/06/23,"ACTIVE"
"050760","에스폴리텍","KOSDAQ","플라스틱제품 제조업",02/05/16,"ACTIVE"
"000390","에스피삼화보통주","KOSPI","기타 화학제품 제조업",93/09/10,"ACTIVE"
"317830","에스피시스템스","KOSDAQ","특수 목적용 기계 제조업",19/08/14,"ACTIVE"
"043340","에쎈테크","KOSDAQ","일반 목적용 기계 제조업",00/08/29,"ACTIVE"
"023960","에쓰씨엔지니어링보통주","KOSPI","토목 건설업",97/06/23,"ACTIVE"
"163280","에어레인","KOSDAQ","일반 목적용 기계 제조업",24/11/08,"ACTIVE"
"298690","에어부산보통주","KOSPI","항공 여객 운송업",18/12/27,"ACTIVE"
"200710","에이디테크놀로지","KOSDAQ","반도체 제조업",14/12/16,"ACTIVE"
"475580","에이럭스","KOSDAQ","그외 기타 제품 제조업",24/11/01,"ACTIVE"
"096690","에이루트","KOSDAQ","컴퓨터 및 주변장치 제조업",10/12/01,"ACTIVE"
"298380","에이비엘바이오","KOSDAQ","기초 의약물질 제조업",18/12/19,"ACTIVE"
"203400","에이비온","KOSDAQ","자연과학 및 공학 연구개발업",21/09/08,"ACTIVE"
"003800","에이스침대","KOSDAQ","가구 제조업",96/05/03,"ACTIVE"
"088800","에이스테크놀로지","KOSDAQ","통신 및 방송 장비 제조업",06/03/27,"ACTIVE"
"241840","에이스토리","KOSDAQ","영화, 비디오물, 방송프로그램 제작 및 배급업",19/07/19,"ACTIVE"
"453860","에이에스텍","KOSDAQ","기타 화학제품 제조업",23/11/28,"ACTIVE"
"312610","에이에프더블류","KOSDAQ","1차 비철금속 제조업",19/07/01,"ACTIVE"
"015260","에이엔피보통주","KOSPI","전자부품 제조업",88/01/18,"ACTIVE"
"172670","에이엘티","KOSDAQ","반도체 제조업",23/07/27,"ACTIVE"
"481070","에이유브랜즈","KOSDAQ","섬유, 의복, 신발 및 가죽제품 소매업",25/04/03,"ACTIVE"
"060900","에이전트에이아이","KOSDAQ","전기업",02/09/17,"ACTIVE"
"445090","에이직랜드","KOSDAQ","반도체 제조업",23/11/13,"ACTIVE"
"267270","에이치디건설기계보통주","KOSPI","특수 목적용 기계 제조업",17/05/10,"ACTIVE"
"039570","에이치디씨랩스보통주","KOSPI","전기 및 통신 공사업",15/09/24,"ACTIVE"
"089470","에이치디씨현대이피보통주","KOSPI","기타 화학제품 제조업",06/09/25,"ACTIVE"
"009540","에이치디한국조선해양보통주","KOSPI","기타 금융업",99/08/24,"ACTIVE"
"071970","에이치디현대마린엔진보통주","KOSPI","일반 목적용 기계 제조업",09/05/15,"ACTIVE"
"267250","에이치디현대보통주","KOSPI","기타 금융업",17/05/10,"ACTIVE"
"322000","에이치디현대에너지솔루션보통주","KOSPI","반도체 제조업",19/11/19,"ACTIVE"
"267260","에이치디현대일렉트릭보통주","KOSPI","전동기, 발전기 및 전기 변환 · 공급 · 제어 장치 제조업",17/05/10,"ACTIVE"
"329180","에이치디현대중공업보통주","KOSPI","선박 및 보트 건조업",21/09/17,"ACTIVE"
"297890","에이치비솔루션","KOSDAQ","특수 목적용 기계 제조업",20/06/22,"ACTIVE"
"440290","에이치비인베스트먼트","KOSDAQ","기타 금융업",24/01/25,"ACTIVE"
"078150","에이치비테크놀러지","KOSDAQ","특수 목적용 기계 제조업",04/12/08,"ACTIVE"
"072990","에이치시티","KOSDAQ","기타 과학기술 서비스업",16/10/17,"ACTIVE"
"060560","에이치씨홈센타","KOSDAQ","기타 전문 도매업",02/07/11,"ACTIVE"
"036640","에이치알에스","KOSDAQ","합성고무 및 플라스틱 물질 제조업",00/05/30,"ACTIVE"
"487570","에이치에스효성보통주","KOSPI","기타 금융업",24/07/29,"ACTIVE"
"298050","에이치에스효성첨단소재보통주","KOSPI","화학섬유 제조업",18/07/13,"ACTIVE"
"044990","에이치엔에스하이텍","KOSDAQ","전자부품 제조업",24/10/25,"ACTIVE"
"003580","에이치엘비글로벌보통주","KOSPI","종합 소매업",90/03/23,"ACTIVE"
"278650","에이치엘비바이오스텝","KOSDAQ","자연과학 및 공학 연구개발업",19/11/27,"ACTIVE"
"067630","에이치엘비생명과학","KOSDAQ","의료용품 및 기타 의약 관련제품 제조업",08/11/25,"ACTIVE"
"047920","에이치엘비제약","KOSDAQ","자연과학 및 공학 연구개발업",15/12/21,"ACTIVE"
"115450","에이치엘비테라퓨틱스","KOSDAQ","기타 전문 도매업",10/03/26,"ACTIVE"
"196300","에이치엘비펩","KOSDAQ","기초 의약물질 제조업",16/12/07,"ACTIVE"
"239610","에이치엘사이언스","KOSDAQ","기타 식품 제조업",16/10/28,"ACTIVE"
"036170","에이치엠넥스","KOSDAQ","반도체 제조업",99/12/21,"ACTIVE"
"462020","에이치엠씨아이비제6호기업인수목적","KOSDAQ","금융 지원 서비스업",23/10/13,"ACTIVE"
"011200","에이치엠엠보통주","KOSPI","해상 운송업",95/10/05,"ACTIVE"
"148930","에이치와이티씨","KOSDAQ","기타 금속 가공제품 제조업",22/08/09,"ACTIVE"
"376270","에이치이엠파마","KOSDAQ","자연과학 및 공학 연구개발업",24/11/05,"ACTIVE"
"044780","에이치케이","KOSDAQ","특수 목적용 기계 제조업",00/09/07,"ACTIVE"
"195940","에이치케이이노엔","KOSDAQ GLOBAL","의약품 제조업",21/08/09,"ACTIVE"
"357230","에이치피오","KOSDAQ","기타 식품 제조업",21/05/14,"ACTIVE"
"355690","에이텀","KOSDAQ","전자부품 제조업",23/12/01,"ACTIVE"
"071670","에이테크솔루션","KOSDAQ","특수 목적용 기계 제조업",09/04/17,"ACTIVE"
"224110","에이텍모빌리티","KOSDAQ","통신 및 방송 장비 제조업",15/08/25,"ACTIVE"
"200470","에이팩트","KOSDAQ","반도체 제조업",14/12/26,"ACTIVE"
"207490","에이펙스인텍","KONEX","전구 및 조명장치 제조업",18/11/28,"ACTIVE"
"003060","에이프로젠바이오로직스보통주","KOSPI","의약품 제조업",84/10/19,"ACTIVE"
"007460","에이프로젠보통주","KOSPI","의약품 제조업",95/07/08,"ACTIVE"
"244920","에이플러스에셋보통주","KOSPI","보험 및 연금관련 서비스업",20/11/20,"ACTIVE"
"265520","에이피시스템","KOSDAQ","특수 목적용 기계 제조업",17/04/07,"ACTIVE"
"278470","에이피알보통주","KOSPI","기타 화학제품 제조업",24/02/27,"ACTIVE"
"054620","에이피에스","KOSDAQ","기타 금융업",01/12/04,"ACTIVE"
"230240","에치에프알","KOSDAQ","통신 및 방송 장비 제조업",15/12/16,"ACTIVE"
"159910","에코글로우","KOSDAQ","기타 화학제품 제조업",12/12/27,"ACTIVE"
"097780","에코볼트","KOSDAQ","자동차 신품 부품 제조업",08/01/23,"ACTIVE"
"101360","에코앤드림","KOSDAQ","일차전지 및 이차전지 제조업",20/07/30,"ACTIVE"
"128540","에코캡","KOSDAQ","자동차 신품 부품 제조업",18/12/05,"ACTIVE"
"086520","에코프로","KOSDAQ GLOBAL","기타 금융업",07/07/20,"ACTIVE"
"383310","에코프로에이치엔","KOSDAQ","기타 화학제품 제조업",21/05/28,"ACTIVE"
"038110","에코플라스틱","KOSDAQ","자동차 신품 부품 제조업",00/03/23,"ACTIVE"
"073540","에프알텍","KOSDAQ","통신 및 방송 장비 제조업",07/05/18,"ACTIVE"
"064850","에프앤가이드","KOSDAQ","기타 정보 서비스업",20/12/17,"ACTIVE"
"036810","에프에스티","KOSDAQ","전자부품 제조업",00/01/18,"ACTIVE"
"083500","에프엔에스테크","KOSDAQ","특수 목적용 기계 제조업",17/02/27,"ACTIVE"
"446440","에피바이오텍","KONEX","자연과학 및 공학 연구개발업",23/07/31,"ACTIVE"
"950130","엑세스바이오","KOSDAQ","의료용품 및 기타 의약 관련제품 제조업",13/05/30,"ACTIVE"
"205100","엑셈","KOSDAQ","소프트웨어 개발 및 공급업",14/11/07,"ACTIVE"
"356680","엑스게이트","KOSDAQ","소프트웨어 개발 및 공급업",23/03/16,"ACTIVE"
"317770","엑스페릭스","KOSDAQ","전자부품 제조업",19/08/01,"ACTIVE"
"069920","엑시온그룹","KOSDAQ","무점포 소매업",07/12/05,"ACTIVE"
"092870","엑시콘","KOSDAQ","특수 목적용 기계 제조업",15/10/22,"ACTIVE"
"019490","엑시큐어하이트론보통주","KOSPI","영상 및 음향기기 제조업",98/11/04,"ACTIVE"
"067570","엔브이에이치코리아","KOSDAQ","자동차 신품 부품 제조업",13/12/03,"ACTIVE"
"0004V0","엔비알모션","KOSDAQ","기타 금속 가공제품 제조업",26/01/14,"ACTIVE"
"236810","엔비티","KOSDAQ","광고업",21/01/21,"ACTIVE"
"101400","엔시트론","KOSDAQ","반도체 제조업",09/03/31,"ACTIVE"
"036570","엔씨보통주","KOSPI","소프트웨어 개발 및 공급업",03/05/22,"ACTIVE"
"224760","엔에스컴퍼니","KONEX","토목 건설업",15/07/31,"ACTIVE"
"451700","엔에이치기업인수목적29호","KOSDAQ","금융 지원 서비스업",23/06/23,"ACTIVE"
"466910","엔에이치기업인수목적30호","KOSDAQ","금융 지원 서비스업",23/12/01,"ACTIVE"
"0054V0","엔에이치기업인수목적32호","KOSDAQ","금융 지원 서비스업",25/12/05,"ACTIVE"
"0130H0","엔에이치기업인수목적33호","KOSDAQ","금융 지원 서비스업",26/03/27,"ACTIVE"
"104200","엔에이치엔벅스","KOSDAQ","기타 정보 서비스업",09/10/06,"ACTIVE"
"400760","엔에이치올원리츠보통주","KOSPI","부동산 임대 및 공급업",21/11/18,"ACTIVE"
"005945","엔에이치투자증권1우선주","KOSPI","증권",88/09/13,"ACTIVE"
"005940","엔에이치투자증권보통주","KOSPI","금융 지원 서비스업",75/09/30,"ACTIVE"
"265740","엔에프씨","KOSDAQ","기타 화학제품 제조업",20/12/02,"ACTIVE"
"354200","엔젠바이오","KOSDAQ","그외 기타 전문, 과학 및 기술 서비스업",20/12/10,"ACTIVE"
"455900","엔젤로보틱스","KOSDAQ","특수 목적용 기계 제조업",24/03/26,"ACTIVE"
"093510","엔지브이아이","KONEX","자동차 신품 부품 제조업",19/09/30,"ACTIVE"
"085310","엔케이 보통주","KOSPI","구조용 금속제품, 탱크 및 증기발생기 제조업",08/01/24,"ACTIVE"
"348370","엔켐","KOSDAQ","기초 화학물질 제조업",21/11/01,"ACTIVE"
"069410","엔텔스","KOSDAQ","소프트웨어 개발 및 공급업",07/06/20,"ACTIVE"
"227950","엔투텍","KOSDAQ","특수 목적용 기계 제조업",15/11/18,"ACTIVE"
"222160","엔피엑스","KOSDAQ","특수 목적용 기계 제조업",21/11/18,"ACTIVE"
"096870","엘디티","KOSDAQ","반도체 제조업",08/05/02,"ACTIVE"
"276240","엘리비젼","KONEX","영상 및 음향기기 제조업",18/07/05,"ACTIVE"
"900140","엘브이엠씨홀딩스보통주","KOSPI","자동차 판매업",10/11/30,"ACTIVE"
"061970","엘비세미콘","KOSDAQ","반도체 제조업",11/01/31,"ACTIVE"
"309960","엘비인베스트먼트","KOSDAQ","기타 금융업",23/03/29,"ACTIVE"
"290650","엘앤씨바이오","KOSDAQ","의약품 제조업",18/11/01,"ACTIVE"
"156100","엘앤케이바이오메드","KOSDAQ","의료용 기기 제조업",16/11/30,"ACTIVE"
"0041J0","엘에스기업인수목적1호","KOSDAQ","금융 지원 서비스업",25/07/22,"ACTIVE"
"060370","엘에스마린솔루션","KOSDAQ","전기 및 통신 공사업",02/02/15,"ACTIVE"
"417200","엘에스머트리얼즈","KOSDAQ","전자부품 제조업",23/12/12,"ACTIVE"
"322180","엘에스티라유텍","KOSDAQ","소프트웨어 개발 및 공급업",19/10/31,"ACTIVE"
"108675","엘엑스하우시스1우선주","KOSPI","화학",09/04/20,"ACTIVE"
"108670","엘엑스하우시스보통주","KOSPI","플라스틱제품 제조업",09/04/20,"ACTIVE"
"38380K","엘엑스홀딩스1우선주","KOSPI","기타금융",21/05/27,"ACTIVE"
"383800","엘엑스홀딩스보통주","KOSPI","기타 금융업",21/05/27,"ACTIVE"
"073110","엘엠에스","KOSDAQ","전자부품 제조업",07/10/12,"ACTIVE"
"083310","엘오티베큠","KOSDAQ","특수 목적용 기계 제조업",05/10/05,"ACTIVE"
"037560","엘지헬로비전보통주","KOSPI","텔레비전 방송업",12/11/09,"ACTIVE"
"037950","엘컴텍","KOSDAQ","전자부품 제조업",00/08/24,"ACTIVE"
"225190","엘케이삼양","KOSDAQ","사진장비 및 광학기기 제조업",17/06/02,"ACTIVE"
"489500","엘케이켐","KOSDAQ","기타 화학제품 제조업",25/02/25,"ACTIVE"
"476080","엠83","KOSDAQ","영화, 비디오물, 방송프로그램 제작 및 배급업",24/08/22,"ACTIVE"
"226590","엠디바이스","KOSDAQ","전자부품 제조업",25/03/07,"ACTIVE"
"058970","엠로","KOSDAQ","소프트웨어 개발 및 공급업",21/08/13,"ACTIVE"
"097520","엠씨넥스보통주","KOSPI","영상 및 음향기기 제조업",21/07/06,"ACTIVE"
"179290","엠아이텍","KOSDAQ","의료용 기기 제조업",18/11/29,"ACTIVE"
"484870","엠앤씨솔루션보통주","KOSPI","특수 목적용 기계 제조업",24/12/16,"ACTIVE"
"009780","엠에스씨","KOSDAQ","기타 식품 제조업",93/10/12,"ACTIVE"
"123040","엠에스오토텍","KOSDAQ","자동차 신품 부품 제조업",10/08/06,"ACTIVE"
"007820","엠엑스로보틱스","KOSDAQ","일반 목적용 기계 제조업",11/11/08,"ACTIVE"
"413390","엠오티","KOSDAQ","특수 목적용 기계 제조업",24/11/18,"ACTIVE"
"033160","엠케이전자","KOSDAQ","전자부품 제조업",97/11/10,"ACTIVE"
"033310","엠투엔","KOSDAQ","전자부품 제조업",97/11/10,"ACTIVE"
"105550","엣지파운드리","KOSDAQ","전자부품 제조업",14/07/11,"ACTIVE"
"060850","영림원소프트랩","KOSDAQ","소프트웨어 개발 및 공급업",20/08/12,"ACTIVE"
"014440","영보화학보통주","KOSPI","플라스틱제품 제조업",97/08/27,"ACTIVE"
"111770","영원무역보통주","KOSPI","상품 종합 도매업",09/07/30,"ACTIVE"
"009970","영원무역홀딩스보통주","KOSPI","기타 금융업",88/11/07,"ACTIVE"
"003520","영진약품보통주","KOSPI","의약품 제조업",73/06/25,"ACTIVE"
"000670","영풍보통주","KOSPI","1차 비철금속 제조업",76/06/12,"ACTIVE"
"012160","영흥보통주","KOSPI","1차 철강 제조업",10/01/25,"ACTIVE"
"036000","예림당","KOSDAQ","서적, 잡지 및 기타 인쇄물 출판업",99/11/30,"ACTIVE"
"053280","예스이십사","KOSDAQ","무점포 소매업",08/05/07,"ACTIVE"
"122640","예스티","KOSDAQ","특수 목적용 기계 제조업",15/12/16,"ACTIVE"
"900300","오가닉티코스메틱스홀딩스컴퍼니리미티드","KOSDAQ","기타 금융업",16/11/04,"ACTIVE"
"045060","오공","KOSDAQ","기타 화학제품 제조업",00/08/10,"ACTIVE"
"192410","오늘이엔엠","KOSDAQ","통신 및 방송 장비 제조업",14/08/14,"ACTIVE"
"080520","오디텍","KOSDAQ","반도체 제조업",07/10/08,"ACTIVE"
"007310","오뚜기보통주","KOSPI","기타 식품 제조업",94/08/12,"ACTIVE"
"046120","오르비텍","KOSDAQ","기타 과학기술 서비스업",10/06/15,"ACTIVE"
"475830","오름테라퓨틱","KOSDAQ","기초 의약물질 제조업",25/02/14,"ACTIVE"
"014940","오리엔탈정공","KOSDAQ","일반 목적용 기계 제조업",01/12/26,"ACTIVE"
"271560","오리온보통주","KOSPI","기타 식품 제조업",17/07/07,"ACTIVE"
"001800","오리온홀딩스보통주","KOSPI","기타 금융업",75/06/27,"ACTIVE"
"010470","오리콤","KOSDAQ","광고업",00/10/24,"ACTIVE"
"417860","오브젠","KOSDAQ","소프트웨어 개발 및 공급업",23/01/30,"ACTIVE"
"036220","오상헬스케어","KOSDAQ","의료용 기기 제조업",24/03/13,"ACTIVE"
"052420","오성첨단소재","KOSDAQ","플라스틱제품 제조업",01/08/07,"ACTIVE"
"332190","오션스바이오","KONEX","의료용 기기 제조업",25/01/14,"ACTIVE"
"052300","오션인더블유","KOSDAQ","상품 종합 도매업",01/08/02,"ACTIVE"
"039200","오스코텍","KOSDAQ","의약품 제조업",07/01/17,"ACTIVE"
"010060","오씨아이홀딩스보통주","KOSPI","기타 금융업",85/07/09,"ACTIVE"
"368970","오에스피","KOSDAQ","동물용 사료 및 조제식품 제조업",22/10/14,"ACTIVE"
"067170","오텍","KOSDAQ","자동차 재제조 부품 제조업",03/11/14,"ACTIVE"
"353590","오토앤","KOSDAQ","자동차 부품 및 내장품 판매업",22/01/20,"ACTIVE"
"394280","오픈엣지테크놀로지","KOSDAQ","소프트웨어 개발 및 공급업",22/09/26,"ACTIVE"
"476060","온코닉테라퓨틱스","KOSDAQ","자연과학 및 공학 연구개발업",24/12/19,"ACTIVE"
"005320","온타이드보통주","KOSPI","생활용품 도매업",96/12/24,"ACTIVE"
"244460","올리패스","KOSDAQ","기초 의약물질 제조업",19/09/20,"ACTIVE"
"131030","옵투스제약","KOSDAQ","의약품 제조업",10/12/03,"ACTIVE"
"109080","옵티시스","KOSDAQ","통신 및 방송 장비 제조업",11/07/12,"ACTIVE"
"380540","옵티코어","KOSDAQ","마그네틱 및 광학 매체 제조업",22/12/29,"ACTIVE"
"051390","와이더블유","KOSDAQ","상품 종합 도매업",01/11/15,"ACTIVE"
"057030","와이비엠넷","KOSDAQ","교육지원 서비스업",04/06/08,"ACTIVE"
"122990","와이솔","KOSDAQ","전자부품 제조업",10/09/10,"ACTIVE"
"232140","와이씨","KOSDAQ","특수 목적용 기계 제조업",15/12/24,"ACTIVE"
"112290","와이씨켐","KOSDAQ","기타 화학제품 제조업",22/07/14,"ACTIVE"
"065530","와이어블","KOSDAQ","전기 통신업",02/06/04,"ACTIVE"
"007530","와이엠","KOSDAQ","기타 금속 가공제품 제조업",94/08/05,"ACTIVE"
"155650","와이엠씨","KOSDAQ","전자부품 제조업",12/11/15,"ACTIVE"
"251370","와이엠티","KOSDAQ","기초 화학물질 제조업",17/04/27,"ACTIVE"
"209640","와이제이링크","KOSDAQ","특수 목적용 기계 제조업",24/10/18,"ACTIVE"
"096250","와이즈넛","KOSDAQ","소프트웨어 개발 및 공급업",25/01/24,"ACTIVE"
"273060","와이즈버즈","KOSDAQ","광고업",17/08/07,"ACTIVE"
"122870","와이지엔터테인먼트","KOSDAQ","오디오물 출판 및 원판 녹음업",11/11/23,"ACTIVE"
"011690","와이투솔루션보통주","KOSPI","반도체 제조업",95/12/21,"ACTIVE"
"040300","와이티엔","KOSDAQ","영화, 비디오물, 방송프로그램 제작 및 배급업",01/09/04,"ACTIVE"
"079000","와토스 코리아","KOSDAQ","플라스틱제품 제조업",05/11/15,"ACTIVE"
"316140","우리금융지주보통주","KOSPI","기타 금융업",19/02/13,"ACTIVE"
"041190","우리기술투자","KOSDAQ","기타 금융업",00/06/09,"ACTIVE"
"115440","우리넷","KOSDAQ","통신 및 방송 장비 제조업",10/01/27,"ACTIVE"
"046970","우리로","KOSDAQ","기타 전문 도매업",12/11/27,"ACTIVE"
"082850","우리바이오","KOSDAQ","기타 식품 제조업",05/07/29,"ACTIVE"
"072470","우리산업홀딩스","KOSDAQ","자동차 신품 부품 제조업",03/10/28,"ACTIVE"
"073560","우리손에프앤지 농업회사법인","KOSDAQ","도축, 육류 가공 및 저장 처리업",16/07/27,"ACTIVE"
"037400","우리엔터프라이즈","KOSDAQ","상품 종합 도매업",99/12/16,"ACTIVE"
"153490","우리이앤엘하루틴","KOSDAQ","반도체 제조업",13/02/05,"ACTIVE"
"011300","우성머티리얼스보통주","KOSPI","직물직조 및 직물제품 제조업",95/11/10,"ACTIVE"
"006980","우성보통주","KOSPI","곡물가공품, 전분 및 전분제품 제조업",88/10/10,"ACTIVE"
"103840","우양","KOSDAQ","과실, 채소 가공 및 저장 처리업",19/11/20,"ACTIVE"
"046940","우원개발","KOSDAQ","기반조성 및 시설물 축조관련 전문공사업",02/06/18,"ACTIVE"
"215380","우정바이오","KOSDAQ","자연과학 및 공학 연구개발업",15/05/18,"ACTIVE"
"065680","우주일렉트로닉스","KOSDAQ","전자부품 제조업",04/01/02,"ACTIVE"
"018620","우진비앤지","KOSDAQ","의약품 제조업",08/05/20,"ACTIVE"
"010400","우진아이엔에스보통주","KOSPI","건물설비 설치 공사업",18/09/14,"ACTIVE"
"049800","우진플라임 보통주","KOSPI","특수 목적용 기계 제조업",06/05/24,"ACTIVE"
"016880","웅진보통주","KOSPI","회사 본부 및 경영 컨설팅 서비스업",94/11/05,"ACTIVE"
"095720","웅진씽크빅 보통주","KOSPI","초등 교육기관",07/05/31,"ACTIVE"
"396470","워트 주식회사","KOSDAQ","특수 목적용 기계 제조업",23/10/26,"ACTIVE"
"307280","원바이오젠","KOSDAQ","의료용품 및 기타 의약 관련제품 제조업",18/12/05,"ACTIVE"
"104830","원익머트리얼즈","KOSDAQ","기초 화학물질 제조업",11/12/28,"ACTIVE"
"240810","원익아이피에스","KOSDAQ GLOBAL","특수 목적용 기계 제조업",16/05/02,"ACTIVE"
"074600","원익큐엔씨","KOSDAQ GLOBAL","유리 및 유리제품 제조업",03/12/12,"ACTIVE"
"217820","원익피앤이","KOSDAQ","특수 목적용 기계 제조업",15/12/07,"ACTIVE"
"012620","원일특강","KOSDAQ","1차 철강 제조업",94/06/28,"ACTIVE"
"136150","원일티엔아이","KOSDAQ","일반 목적용 기계 제조업",25/05/09,"ACTIVE"
"336570","원텍","KOSDAQ","의료용 기기 제조업",19/12/19,"ACTIVE"
"122830","원포유","KONEX","소프트웨어 개발 및 공급업",20/10/23,"ACTIVE"
"008370","원풍","KOSDAQ","플라스틱제품 제조업",92/12/18,"ACTIVE"
"336060","웨이버스","KOSDAQ","소프트웨어 개발 및 공급업",19/11/28,"ACTIVE"
"289930","웨이비스","KOSDAQ","반도체 제조업",24/10/25,"ACTIVE"
"065950","웰크론","KOSDAQ","직물직조 및 직물제품 제조업",03/07/29,"ACTIVE"
"043590","웰킵스하이텍","KOSDAQ","반도체 제조업",01/12/20,"ACTIVE"
"196700","웹스","KOSDAQ","합성고무 및 플라스틱 물질 제조업",15/08/24,"ACTIVE"
"479960","위너스일렉","KOSDAQ","기타 전기장비 제조업",25/02/24,"ACTIVE"
"044340","위닉스","KOSDAQ","가정용 기기 제조업",00/10/24,"ACTIVE"
"330350","위더스제약","KOSDAQ","의약품 제조업",20/07/03,"ACTIVE"
"101730","위메이드맥스","KOSDAQ","IT 서비스",09/06/03,"ACTIVE"
"123420","위메이드플레이","KOSDAQ","소프트웨어 개발 및 공급업",10/11/10,"ACTIVE"
"140660","위월드 주식회사","KONEX","통신 및 방송 장비 제조업",13/12/26,"ACTIVE"
"036090","위지트","KOSDAQ","특수 목적용 기계 제조업",99/12/10,"ACTIVE"
"136540","윈스테크넷","KOSDAQ","컴퓨터 프로그래밍, 시스템 통합 및 관리업",11/05/02,"ACTIVE"
"097800","윈팩","KOSDAQ","반도체 제조업",13/03/07,"ACTIVE"
"008600","윌비스보통주","KOSPI","생활용품 도매업",89/07/28,"ACTIVE"
"335870","윙스풋","KOSDAQ","섬유, 의복, 신발 및 가죽제품 소매업",19/12/09,"ACTIVE"
"446070","유니드비티플러스보통주","KOSPI","제재 및 목재 가공업",22/11/28,"ACTIVE"
"036200","유니셈","KOSDAQ","특수 목적용 기계 제조업",99/12/10,"ACTIVE"
"018000","유니슨","KOSDAQ","일반 목적용 기계 제조업",96/01/10,"ACTIVE"
"203450","유니온바이오메트릭스","KOSDAQ","통신 및 방송 장비 제조업",16/12/07,"ACTIVE"
"000910","유니온보통주","KOSPI","시멘트, 석회, 플라스터 및 그 제품 제조업",96/07/03,"ACTIVE"
"011330","유니켐보통주","KOSPI","자동차 신품 부품 제조업",89/12/14,"ACTIVE"
"086390","유니테스트","KOSDAQ","특수 목적용 기계 제조업",06/12/05,"ACTIVE"
"241690","유니테크노","KOSDAQ","자동차 신품 부품 제조업",16/09/20,"ACTIVE"
"389680","유디엠텍","KOSDAQ","소프트웨어 개발 및 공급업",24/11/20,"ACTIVE"
"088340","유라클","KOSDAQ","소프트웨어 개발 및 공급업",24/08/16,"ACTIVE"
"206650","유바이오로직스","KOSDAQ","의약품 제조업",17/01/24,"ACTIVE"
"495810","유비씨","KONEX","소프트웨어 개발 및 공급업",24/12/23,"ACTIVE"
"264450","유비쿼스","KOSDAQ","통신 및 방송 장비 제조업",17/03/31,"ACTIVE"
"078070","유비쿼스홀딩스","KOSDAQ","기타 금융업",09/01/23,"ACTIVE"
"002920","유성기업보통주","KOSPI","자동차 신품 부품 제조업",88/10/10,"ACTIVE"
"054930","유신","KOSDAQ","건축기술, 엔지니어링 및 관련 기술 서비스업",02/01/15,"ACTIVE"
"069330","유아이디","KOSDAQ","전자부품 제조업",03/08/18,"ACTIVE"
"049520","유아이엘","KOSDAQ","전자부품 제조업",01/08/02,"ACTIVE"
"473050","유안타제15호기업인수목적","KOSDAQ","금융 지원 서비스업",24/02/29,"ACTIVE"
"003475","유안타증권1우선주","KOSPI","증권",89/03/22,"ACTIVE"
"003470","유안타증권보통주","KOSPI","금융 지원 서비스업",88/01/21,"ACTIVE"
"263770","유에스티","KOSDAQ","1차 철강 제조업",17/04/06,"ACTIVE"
"337840","유엑스엔","KONEX","의료용 기기 제조업",19/11/28,"ACTIVE"
"000225","유유제약1우선주","KOSPI","제약",90/01/05,"ACTIVE"
"000227","유유제약2우선주(신형)","KOSPI","제약",00/06/20,"ACTIVE"
"000220","유유제약보통주","KOSPI","의약품 제조업",75/11/18,"ACTIVE"
"388720","유일로보틱스","KOSDAQ","특수 목적용 기계 제조업",22/03/18,"ACTIVE"
"340930","유일에너테크","KOSDAQ","특수 목적용 기계 제조업",21/02/25,"ACTIVE"
"468760","유진기업인수목적10호","KOSDAQ","금융 지원 서비스업",24/02/29,"ACTIVE"
"488060","유진기업인수목적11호","KOSDAQ","금융 지원 서비스업",24/10/31,"ACTIVE"
"056080","유진로봇","KOSDAQ","특수 목적용 기계 제조업",01/11/13,"ACTIVE"
"084370","유진테크","KOSDAQ","특수 목적용 기계 제조업",06/01/17,"ACTIVE"
"001200","유진투자증권보통주","KOSPI","금융 지원 서비스업",87/08/24,"ACTIVE"
"179900","유티아이","KOSDAQ","전자부품 제조업",17/09/27,"ACTIVE"
"263050","유틸렉스","KOSDAQ","기초 의약물질 제조업",18/12/24,"ACTIVE"
"000105","유한양행1우선주","KOSPI","제약",95/02/21,"ACTIVE"
"000100","유한양행보통주","KOSPI","의약품 제조업",62/11/01,"ACTIVE"
"003465","유화증권1우선주","KOSPI","증권",90/02/20,"ACTIVE"
"191410","육일씨엔에쓰","KOSDAQ","전자부품 제조업",15/12/24,"ACTIVE"
"372170","윤성에프앤씨","KOSDAQ","특수 목적용 기계 제조업",22/11/14,"ACTIVE"
"146060","율촌","KOSDAQ","1차 철강 제조업",23/09/08,"ACTIVE"
"008250","이건산업보통주","KOSPI","나무제품 제조업",88/10/21,"ACTIVE"
"039020","이건홀딩스","KOSDAQ","제재 및 목재 가공업",00/05/04,"ACTIVE"
"025820","이구산업보통주","KOSPI","1차 비철금속 제조업",95/08/18,"ACTIVE"
"067920","이글루코퍼레이션","KOSDAQ","기타 정보 서비스업",10/08/04,"ACTIVE"
"303530","이노뎁","KOSDAQ","소프트웨어 개발 및 공급업",21/06/18,"ACTIVE"
"302430","이노메트리","KOSDAQ","특수 목적용 기계 제조업",18/12/12,"ACTIVE"
"214320","이노션보통주","KOSPI","광고업",15/07/17,"ACTIVE"
"462350","이노스페이스","KOSDAQ","항공기,우주선 및 부품 제조업",24/07/02,"ACTIVE"
"274400","이노시뮬레이션","KOSDAQ","소프트웨어 개발 및 공급업",23/07/06,"ACTIVE"
"215790","이노인스트루먼트","KOSDAQ","통신 및 방송 장비 제조업",15/05/08,"ACTIVE"
"344860","이노진","KOSDAQ","기타 화학제품 제조업",23/02/20,"ACTIVE"
"469610","이노테크","KOSDAQ","특수 목적용 기계 제조업",25/11/07,"ACTIVE"
"088390","이녹스","KOSDAQ","그외 기타 운송장비 제조업",06/10/20,"ACTIVE"
"272290","이녹스첨단소재","KOSDAQ GLOBAL","전자부품 제조업",17/07/10,"ACTIVE"
"053350","이니텍","KOSDAQ","소프트웨어 개발 및 공급업",01/11/15,"ACTIVE"
"264850","이랜시스","KOSDAQ","전자부품 제조업",17/06/01,"ACTIVE"
"054210","이랜텍","KOSDAQ","전자부품 제조업",02/05/09,"ACTIVE"
"009730","이렘","KOSDAQ","1차 철강 제조업",90/07/27,"ACTIVE"
"065440","이루온","KOSDAQ","소프트웨어 개발 및 공급업",03/01/28,"ACTIVE"
"139480","이마트보통주","KOSPI","종합 소매업",11/06/10,"ACTIVE"
"424870","이뮨온시아","KOSDAQ","자연과학 및 공학 연구개발업",25/05/19,"ACTIVE"
"115610","이미지스테크놀로지","KOSDAQ","반도체 제조업",10/02/26,"ACTIVE"
"478110","이베스트기업인수목적6호","KOSDAQ","금융 지원 서비스업",24/07/12,"ACTIVE"
"131400","이브이첨단소재","KOSDAQ","전자부품 제조업",10/12/27,"ACTIVE"
"208850","이비테크","KONEX","기타 전기장비 제조업",16/06/22,"ACTIVE"
"080010","이상네트웍스","KOSDAQ","상품 중개업",05/09/30,"ACTIVE"
"457190","이수스페셜티케미컬보통주","KOSPI","기초 화학물질 제조업",23/05/31,"ACTIVE"
"086890","이수앱지스","KOSDAQ","의료용품 및 기타 의약 관련제품 제조업",09/02/03,"ACTIVE"
"007660","이수페타시스보통주","KOSPI","전자부품 제조업",03/10/07,"ACTIVE"
"015020","이스타코보통주","KOSPI","부동산",88/12/23,"ACTIVE"
"047560","이스트소프트","KOSDAQ","소프트웨어 개발 및 공급업",08/07/01,"ACTIVE"
"900110","이스트아시아홀딩스인베스트먼트리미티드","KOSDAQ","기타 금융업",10/04/23,"ACTIVE"
"067010","이씨에스텔레콤","KOSDAQ","컴퓨터 프로그래밍, 시스템 통합 및 관리업",07/12/18,"ACTIVE"
"418620","이에이트","KOSDAQ","소프트웨어 개발 및 공급업",24/02/23,"ACTIVE"
"102710","이엔에프테크놀로지","KOSDAQ","기타 화학제품 제조업",09/05/28,"ACTIVE"
"074610","이엔플러스보통주","KOSPI","일반 목적용 기계 제조업",03/12/23,"ACTIVE"
"123570","이엠넷","KOSDAQ","광고업",11/11/25,"ACTIVE"
"278990","이엠비","KONEX","전동기, 발전기 및 전기 변환 · 공급 · 제어 장치 제조업",17/10/31,"ACTIVE"
"091120","이엠텍","KOSDAQ","전자부품 제조업",07/05/02,"ACTIVE"
"232530","이엠티","KONEX","일차전지 및 이차전지 제조업",15/12/30,"ACTIVE"
"294090","이오플로우","KOSDAQ","의료용 기기 제조업",20/09/14,"ACTIVE"
"245620","이원다이애그노믹스","KOSDAQ","자연과학 및 공학 연구개발업",18/06/26,"ACTIVE"
"084680","이월드보통주","KOSPI","귀금속 및 장신용품 제조업",05/07/26,"ACTIVE"
"353810","이지바이오","KOSDAQ","동물용 사료 및 조제식품 제조업",20/06/05,"ACTIVE"
"350520","이지스레지던스리츠보통주","KOSPI","부동산 임대 및 공급업",20/08/05,"ACTIVE"
"334890","이지스밸류플러스리츠보통주","KOSPI","부동산 임대 및 공급업",20/07/16,"ACTIVE"
"035810","이지홀딩스","KOSDAQ","동물용 사료 및 조제식품 제조업",99/11/23,"ACTIVE"
"092130","이크레더블","KOSDAQ","기타 정보 서비스업",08/10/24,"ACTIVE"
"001840","이화공영","KOSDAQ","건물 건설업",94/11/23,"ACTIVE"
"000760","이화산업보통주","KOSPI","기타 전문 도매업",94/04/29,"ACTIVE"
"014990","인디에프보통주","KOSPI","봉제의복 제조업",89/06/20,"ACTIVE"
"352940","인바이오","KOSDAQ","비료, 농약 및 살균, 살충제 제조업",20/12/11,"ACTIVE"
"216400","인바이츠바이오코아","KONEX","자연과학 및 공학 연구개발업",15/06/29,"ACTIVE"
"0007J0","인벤테라","KOSDAQ","자연과학 및 공학 연구개발업",26/04/02,"ACTIVE"
"277410","인산가","KOSDAQ","기타 식품 제조업",17/09/29,"ACTIVE"
"060150","인선이엔티","KOSDAQ","폐기물 처리업",02/06/14,"ACTIVE"
"450520","인스웨이브","KOSDAQ","소프트웨어 개발 및 공급업",23/09/25,"ACTIVE"
"465480","인스피언","KOSDAQ","소프트웨어 개발 및 공급업",24/10/18,"ACTIVE"
"037330","인지디스플레이","KOSDAQ","전자부품 제조업",99/12/14,"ACTIVE"
"023800","인지컨트롤스보통주","KOSPI","자동차 신품 부품 제조업",97/06/23,"ACTIVE"
"211050","인카금융서비스","KOSDAQ","보험 및 연금관련 서비스업",22/02/16,"ACTIVE"
"083640","인콘","KOSDAQ","상품 종합 도매업",05/12/27,"ACTIVE"
"064090","인크레더블버즈","KOSDAQ","상품 종합 도매업",02/12/17,"ACTIVE"
"216050","인크로스","KOSDAQ","광고업",16/10/31,"ACTIVE"
"049070","인탑스","KOSDAQ","통신 및 방송 장비 제조업",02/02/21,"ACTIVE"
"017250","인터엠","KOSDAQ","영상 및 음향기기 제조업",96/01/03,"ACTIVE"
"129260","인터지스보통주","KOSPI","도로 화물 운송업",11/12/16,"ACTIVE"
"051370","인터플렉스","KOSDAQ","전자부품 제조업",03/01/22,"ACTIVE"
"287840","인투셀","KOSDAQ","자연과학 및 공학 연구개발업",25/05/23,"ACTIVE"
"048530","인트론바이오테크놀로지","KOSDAQ","기초 의약물질 제조업",11/01/26,"ACTIVE"
"023810","인팩보통주","KOSPI","자동차 신품 부품 제조업",04/09/21,"ACTIVE"
"039290","인포뱅크","KOSDAQ","기타 정보 서비스업",06/07/04,"ACTIVE"
"071200","인피니트헬스케어","KOSDAQ","소프트웨어 개발 및 공급업",10/05/26,"ACTIVE"
"249420","일동제약보통주","KOSPI","의약품 제조업",16/08/31,"ACTIVE"
"013360","일성건설보통주","KOSPI","토목 건설업",89/12/02,"ACTIVE"
"003120","일성아이에스보통주","KOSPI","의약품 제조업",85/01/14,"ACTIVE"
"333430","일승","KOSDAQ","선박 및 보트 건조업",19/11/06,"ACTIVE"
"068330","일신바이오베이스","KOSDAQ","일반 목적용 기계 제조업",07/12/26,"ACTIVE"
"003200","일신방직보통주","KOSPI","방적 및 가공사 제조업",73/05/23,"ACTIVE"
"007575","일양약품1우선주","KOSPI","제약",89/12/21,"ACTIVE"
"007570","일양약품보통주","KOSPI","의약품 제조업",74/08/28,"ACTIVE"
"178780","일월지엠엘","KOSDAQ","상품 종합 도매업",15/06/30,"ACTIVE"
"019540","일지테크","KOSDAQ","자동차 신품 부품 제조업",92/11/03,"ACTIVE"
"081000","일진다이아몬드 보통주","KOSPI","기타 화학제품 제조업",04/12/22,"ACTIVE"
"020760","일진디스플레이보통주","KOSPI","반도체 제조업",02/01/09,"ACTIVE"
"103590","일진전기 보통주","KOSPI","절연선 및 케이블 제조업",08/08/01,"ACTIVE"
"271940","일진하이솔루스보통주","KOSPI","그외 기타 운송장비 제조업",21/09/01,"ACTIVE"
"015860","일진홀딩스보통주","KOSPI","기타 금융업",90/03/22,"ACTIVE"
"226320","잇츠한불보통주","KOSPI","기타 화학제품 제조업",15/12/28,"ACTIVE"
"049550","잉크테크","KOSDAQ","기타 화학제품 제조업",02/02/28,"ACTIVE"
"389020","자람테크놀로지","KOSDAQ","반도체 제조업",23/03/07,"ACTIVE"
"043910","자연과 환경","KOSDAQ","시멘트, 석회, 플라스터 및 그 제품 제조업",05/11/18,"ACTIVE"
"234920","자이글","KOSDAQ","가정용 기기 제조업",16/09/06,"ACTIVE"
"317400","자이에스앤디보통주","KOSPI","부동산 임대 및 공급업",19/11/06,"ACTIVE"
"033240","자화전자보통주","KOSPI","전자부품 제조업",99/01/06,"ACTIVE"
"049630","재영솔루텍","KOSDAQ","사진장비 및 광학기기 제조업",03/01/24,"ACTIVE"
"000950","전방보통주","KOSPI","방적 및 가공사 제조업",68/10/21,"ACTIVE"
"079900","전진건설로봇보통주","KOSPI","특수 목적용 기계 제조업",24/08/19,"ACTIVE"
"110020","전진바이오팜","KOSDAQ","기타 화학제품 제조업",18/12/14,"ACTIVE"
"040420","정상제이엘에스","KOSDAQ","일반 교습 학원",00/08/01,"ACTIVE"
"045510","정원엔시스","KOSDAQ","기계장비 및 관련 물품 도매업",00/09/07,"ACTIVE"
"095700","제넥신","KOSDAQ","자연과학 및 공학 연구개발업",09/09/15,"ACTIVE"
"122310","제노레이","KOSDAQ","의료용 기기 제조업",18/05/28,"ACTIVE"
"361390","제노코","KOSDAQ","통신 및 방송 장비 제조업",21/03/24,"ACTIVE"
"225220","제놀루션","KOSDAQ","기초 의약물질 제조업",20/07/24,"ACTIVE"
"123330","제닉","KOSDAQ","기타 화학제품 제조업",11/08/03,"ACTIVE"
"159580","제로투세븐","KOSDAQ","생활용품 도매업",13/02/19,"ACTIVE"
"033100","제룡전기","KOSDAQ","전동기, 발전기 및 전기 변환 · 공급 · 제어 장치 제조업",97/08/18,"ACTIVE"
"079370","제우스","KOSDAQ","특수 목적용 기계 제조업",06/02/01,"ACTIVE"
"054950","제이브이엠","KOSDAQ","일반 목적용 기계 제조업",06/06/07,"ACTIVE"
"090470","제이스로보틱스","KOSDAQ","특수 목적용 기계 제조업",07/01/10,"ACTIVE"
"023440","제이스코홀딩스","KOSDAQ","1차 철강 제조업",94/10/07,"ACTIVE"
"033320","제이씨현시스템","KOSDAQ","기계장비 및 관련 물품 도매업",97/11/10,"ACTIVE"
"417500","제이아이테크","KOSDAQ","기타 화학제품 제조업",22/11/04,"ACTIVE"
"204270","제이앤티씨","KOSDAQ","전자부품 제조업",20/03/04,"ACTIVE"
"127120","제이에스링크","KOSDAQ","자연과학 및 공학 연구개발업",11/12/26,"ACTIVE"
"194370","제이에스코퍼레이션보통주","KOSPI","가죽, 가방 및 유사제품 제조업",16/02/04,"ACTIVE"
"126880","제이엔케이글로벌","KOSDAQ","일반 목적용 기계 제조업",11/01/31,"ACTIVE"
"322510","제이엘케이","KOSDAQ","소프트웨어 개발 및 공급업",19/12/11,"ACTIVE"
"033050","제이엠아이","KOSDAQ","기타 화학제품 제조업",97/08/18,"ACTIVE"
"094970","제이엠티","KOSDAQ","전자부품 제조업",07/10/12,"ACTIVE"
"035900","제이와이피엔터테인먼트","KOSDAQ GLOBAL","오디오물 출판 및 원판 녹음업",01/08/30,"ACTIVE"
"420570","제이투케이바이오","KOSDAQ","기타 화학제품 제조업",24/03/25,"ACTIVE"
"950170","제이티씨","KOSDAQ","종합 소매업",18/04/06,"ACTIVE"
"0010V0","제이피아이헬스케어","KOSDAQ","의료용 기기 제조업",25/08/21,"ACTIVE"
"030000","제일기획보통주","KOSPI","광고업",98/03/03,"ACTIVE"
"271980","제일약품보통주","KOSPI","의약품 제조업",17/07/17,"ACTIVE"
"001560","제일연마공업보통주","KOSPI","기타 비금속 광물제품 제조업",05/12/09,"ACTIVE"
"002620","제일파마홀딩스보통주","KOSPI","회사 본부 및 경영 컨설팅 서비스업",88/01/20,"ACTIVE"
"080220","제주반도체","KOSDAQ","반도체 제조업",05/02/01,"ACTIVE"
"006220","제주은행보통주","KOSPI","은행 및 저축기관",72/12/28,"ACTIVE"
"089590","제주항공보통주","KOSPI","항공 여객 운송업",15/11/06,"ACTIVE"
"337930","젝시믹스","KOSDAQ","기타 정보 서비스업",20/08/13,"ACTIVE"
"229000","젠큐릭스","KOSDAQ","의료용품 및 기타 의약 관련제품 제조업",20/06/25,"ACTIVE"
"004700","조광피혁보통주","KOSPI","가죽, 가방 및 유사제품 제조업",77/05/27,"ACTIVE"
"462520","조선내화보통주","KOSPI","내화, 비내화 요업제품 제조업",23/07/28,"ACTIVE"
"120030","조선선재 보통주","KOSPI","기타 금속 가공제품 제조업",10/02/19,"ACTIVE"
"067000","조이시티","KOSDAQ","소프트웨어 개발 및 공급업",08/05/30,"ACTIVE"
"309930","조이웍스앤코","KOSDAQ","기타 생활용품 소매업",18/12/20,"ACTIVE"
"002600","조흥보통주","KOSPI","기타 식품 제조업",76/12/23,"ACTIVE"
"063160","종근당바이오보통주","KOSPI","의약품 제조업",01/12/11,"ACTIVE"
"185750","종근당보통주","KOSPI","의약품 제조업",13/12/06,"ACTIVE"
"001630","종근당홀딩스보통주","KOSPI","의약품 제조업",76/06/30,"ACTIVE"
"033340","좋은사람들","KOSDAQ","봉제의복 제조업",97/11/03,"ACTIVE"
"185190","주식회사 수프로","KONEX","산업용 농·축산물 및 동·식물 도매업",13/10/29,"ACTIVE"
"357580","주식회사 아모센스","KOSDAQ","전자부품 제조업",21/06/25,"ACTIVE"
"226400","주식회사 오스테오닉","KOSDAQ","의료용 기기 제조업",18/02/22,"ACTIVE"
"189350","주식회사 코셋","KONEX","통신 및 방송 장비 제조업",13/12/24,"ACTIVE"
"023450","주식회사동남합성","KOSPI","기초 화학물질 제조업",96/12/24,"ACTIVE"
"044380","주연테크 보통주","KOSPI","컴퓨터 및 주변장치 제조업",06/11/15,"ACTIVE"
"024110","중소기업은행보통주","KOSPI","은행 및 저축기관",03/12/24,"ACTIVE"
"072020","중앙백신연구소","KOSDAQ","기초 의약물질 제조업",03/10/31,"ACTIVE"
"051980","중앙첨단소재","KOSDAQ","통신 및 방송 장비 제조업",01/07/31,"ACTIVE"
"221800","지구홀딩스","KOSDAQ","기타 과학기술 서비스업",23/11/02,"ACTIVE"
"314130","지놈앤컴퍼니","KOSDAQ","기초 의약물질 제조업",20/12/23,"ACTIVE"
"013890","지누스보통주","KOSPI","가구 제조업",19/10/30,"ACTIVE"
"263860","지니언스","KOSDAQ","소프트웨어 개발 및 공급업",17/08/02,"ACTIVE"
"303030","지니틱스","KOSDAQ","반도체 제조업",18/08/30,"ACTIVE"
"144510","지씨셀","KOSDAQ","그외 기타 전문, 과학 및 기술 서비스업",16/06/23,"ACTIVE"
"340450","지씨지놈","KOSDAQ","그외 기타 전문, 과학 및 기술 서비스업",25/06/11,"ACTIVE"
"382480","지아이텍","KOSDAQ","특수 목적용 기계 제조업",21/10/21,"ACTIVE"
"299480","지앤이헬스케어","KONEX","기타 섬유제품 제조업",18/06/29,"ACTIVE"
"001250","지에스글로벌보통주","KOSPI","상품 종합 도매업",76/06/26,"ACTIVE"
"007070","지에스리테일보통주","KOSPI","종합 소매업",11/12/23,"ACTIVE"
"053050","지에스이","KOSDAQ","연료용 가스 제조 및 배관공급업",01/10/11,"ACTIVE"
"499790","지에스피앤엘보통주","KOSPI","기타 금융업",24/12/23,"ACTIVE"
"130500","지에이치신소재","KOSDAQ","기타 섬유제품 제조업",13/08/02,"ACTIVE"
"388610","지에프씨생명과학","KOSDAQ","기타 화학제품 제조업",25/06/30,"ACTIVE"
"065060","지엔코","KOSDAQ","봉제의복 제조업",02/05/28,"ACTIVE"
"204840","지엘팜텍","KOSDAQ","생활용품 도매업",14/11/20,"ACTIVE"
"013870","지엠비코리아보통주","KOSPI","자동차 신품 부품 제조업",12/11/20,"ACTIVE"
"311320","지오엘리먼트","KOSDAQ","전자부품 제조업",21/11/11,"ACTIVE"
"456160","지투지바이오","KOSDAQ","의약품 제조업",25/08/14,"ACTIVE"
"088790","진도 보통주","KOSPI","기타 전문 도매업",06/03/28,"ACTIVE"
"018120","진로발효","KOSDAQ","알코올음료 제조업",93/12/29,"ACTIVE"
"109820","진매트릭스","KOSDAQ","자연과학 및 공학 연구개발업",09/11/06,"ACTIVE"
"086060","진바이오텍","KOSDAQ","산업용 농·축산물 및 동·식물 도매업",06/04/28,"ACTIVE"
"363250","진시스템","KOSDAQ","의료용 기기 제조업",21/05/26,"ACTIVE"
"003780","진양산업보통주","KOSPI","플라스틱제품 제조업",73/06/26,"ACTIVE"
"007370","진양제약","KOSDAQ","의약품 제조업",00/07/27,"ACTIVE"
"100250","진양홀딩스보통주","KOSPI","플라스틱제품 제조업",08/02/15,"ACTIVE"
"051630","진양화학보통주","KOSPI","플라스틱제품 제조업",01/01/29,"ACTIVE"
"272450","진에어보통주","KOSPI","항공 여객 운송업",17/12/08,"ACTIVE"
"285800","진영","KOSDAQ","플라스틱제품 제조업",23/06/01,"ACTIVE"
"250030","진코스텍","KONEX","기타 화학제품 제조업",19/11/29,"ACTIVE"
"002785","진흥기업1우선주(신형)","KOSPI","건설",03/06/16,"ACTIVE"
"002787","진흥기업2우선주(신형)","KOSPI","건설",06/12/05,"ACTIVE"
"002780","진흥기업보통주","KOSPI","토목 건설업",77/06/25,"ACTIVE"
"025620","차AI헬스케어보통주","KOSPI","기타 화학제품 제조업",95/07/08,"ACTIVE"
"085660","차바이오텍","KOSDAQ","기초 의약물질 제조업",05/12/27,"ACTIVE"
"900250","차이나크리스탈신소재홀딩스","KOSDAQ","기타 금융업",16/01/28,"ACTIVE"
"351870","차이커뮤니케이션","KOSDAQ","광고업",24/09/27,"ACTIVE"
"009310","참엔지니어링보통주","KOSPI","특수 목적용 기계 제조업",87/11/12,"ACTIVE"
"094850","참좋은여행","KOSDAQ","여행사 및 기타 여행보조 서비스업",07/04/30,"ACTIVE"
"004650","창해에탄올","KOSDAQ","알코올음료 제조업",14/07/30,"ACTIVE"
"278280","천보","KOSDAQ","기초 화학물질 제조업",19/02/11,"ACTIVE"
"000650","천일고속보통주","KOSPI","육상 여객 운송업",77/06/23,"ACTIVE"
"362320","청담글로벌","KOSDAQ","생활용품 도매업",22/06/03,"ACTIVE"
"066360","체리부로","KOSDAQ","도축, 육류 가공 및 저장 처리업",17/12/04,"ACTIVE"
"047820","초록뱀미디어","KOSDAQ","영화, 비디오물, 방송프로그램 제작 및 배급업",02/12/24,"ACTIVE"
"094360","칩스앤미디어","KOSDAQ","반도체 제조업",15/08/05,"ACTIVE"
"016920","카스","KOSDAQ","기계장비 및 관련 물품 도매업",90/01/04,"ACTIVE"
"284620","카이노스메드","KOSDAQ","자연과학 및 공학 연구개발업",18/06/08,"ACTIVE"
"293490","카카오게임즈","KOSDAQ GLOBAL","소프트웨어 개발 및 공급업",20/09/10,"ACTIVE"
"377300","카카오페이보통주","KOSPI","금융 지원 서비스업",21/11/03,"ACTIVE"
"140430","카티스","KOSDAQ","컴퓨터 프로그래밍, 시스템 통합 및 관리업",24/05/03,"ACTIVE"
"006380","카프로보통주","KOSPI","기초 화학물질 제조업",74/05/28,"ACTIVE"
"313760","캐리","KOSDAQ","전동기, 발전기 및 전기 변환 · 공급 · 제어 장치 제조업",19/07/25,"ACTIVE"
"198080","캐프","KOSDAQ","전자부품 제조업",20/03/16,"ACTIVE"
"210120","캔버스엔","KOSDAQ","영화, 비디오물, 방송프로그램 제작 및 배급업",23/08/17,"ACTIVE"
"452300","캡스톤파트너스","KOSDAQ","기타 금융업",23/11/15,"ACTIVE"
"900310","컬러레이홀딩스","KOSDAQ","기타 금융업",17/08/10,"ACTIVE"
"078340","컴투스","KOSDAQ GLOBAL","소프트웨어 개발 및 공급업",07/07/06,"ACTIVE"
"307930","컴퍼니케이파트너스","KOSDAQ","기타 금융업",19/05/23,"ACTIVE"
"263700","케어랩스","KOSDAQ","광고업",18/03/28,"ACTIVE"
"214370","케어젠","KOSDAQ","기초 의약물질 제조업",15/11/17,"ACTIVE"
"221980","케이디켐","KOSDAQ","기타 화학제품 제조업",15/11/19,"ACTIVE"
"279570","케이뱅크보통주","KOSPI","은행 및 저축기관",26/03/05,"ACTIVE"
"001620","케이비아이동국실업보통주","KOSPI","자동차 신품 부품 제조업",90/09/15,"ACTIVE"
"008970","케이비아이동양철관보통주","KOSPI","1차 철강 제조업",77/03/05,"ACTIVE"
"024840","케이비아이메탈","KOSDAQ","1차 비철금속 제조업",94/12/29,"ACTIVE"
"464680","케이비제27호기업인수목적","KOSDAQ","금융 지원 서비스업",23/11/03,"ACTIVE"
"486630","케이비제30호기업인수목적","KOSDAQ","금융 지원 서비스업",24/09/25,"ACTIVE"
"492220","케이비제31호기업인수목적","KOSDAQ","금융 지원 서비스업",24/12/12,"ACTIVE"
"0037T0","케이비제32호기업인수목적","KOSDAQ","금융 지원 서비스업",25/07/04,"ACTIVE"
"0072Z0","케이비제33호기업인수목적","KOSDAQ","금융 지원 서비스업",25/09/30,"ACTIVE"
"431190","케이쓰리아이","KOSDAQ","소프트웨어 개발 및 공급업",24/08/20,"ACTIVE"
"009440","케이씨그린홀딩스보통주","KOSPI","기타 금융업",94/11/05,"ACTIVE"
"112190","케이씨산업","KONEX","토목 건설업",16/05/31,"ACTIVE"
"021320","케이씨씨건설","KOSDAQ","건물 건설업",01/08/21,"ACTIVE"
"344820","케이씨씨글라스보통주","KOSPI","유리 및 유리제품 제조업",20/01/21,"ACTIVE"
"119650","케이씨코트렐보통주","KOSPI","일반 목적용 기계 제조업",10/01/29,"ACTIVE"
"089150","케이씨티","KOSDAQ","컴퓨터 프로그래밍, 시스템 통합 및 관리업",06/12/13,"ACTIVE"
"025880","케이씨피드","KOSDAQ","동물용 사료 및 조제식품 제조업",95/07/07,"ACTIVE"
"044450","케이에스에스 해운 보통주","KOSPI","해상 운송업",07/10/26,"ACTIVE"
"101000","케이에스인더스트리","KOSDAQ","특수 목적용 기계 제조업",09/11/06,"ACTIVE"
"073010","케이에스피","KOSDAQ","일반 목적용 기계 제조업",04/12/17,"ACTIVE"
"060720","케이에이치바텍","KOSDAQ","전자부품 제조업",02/05/21,"ACTIVE"
"105330","케이엔더블유","KOSDAQ","자동차 신품 부품 제조업",09/09/29,"ACTIVE"
"053080","케이엔솔","KOSDAQ","일반 목적용 기계 제조업",20/09/24,"ACTIVE"
"432470","케이엔에스","KOSDAQ","특수 목적용 기계 제조업",23/12/06,"ACTIVE"
"058400","케이엔엔","KOSDAQ","텔레비전 방송업",10/11/03,"ACTIVE"
"272110","케이엔제이","KOSDAQ","반도체 제조업",19/10/25,"ACTIVE"
"083550","케이엠","KOSDAQ","기타 섬유제품 제조업",05/12/20,"ACTIVE"
"225430","케이엠제약","KOSDAQ","기타 화학제품 제조업",15/10/08,"ACTIVE"
"102370","케이옥션","KOSDAQ","상품 중개업",22/01/24,"ACTIVE"
"092220","케이이씨 보통주","KOSPI","반도체 제조업",06/10/16,"ACTIVE"
"106080","케이이엠텍","KOSDAQ","전자부품 제조업",10/02/09,"ACTIVE"
"455180","케이지에이","KOSDAQ","특수 목적용 기계 제조업",25/06/17,"ACTIVE"
"151860","케이지에코솔루션","KOSDAQ","자동차 차체나 트레일러 제조업",13/07/24,"ACTIVE"
"145270","케이탑리츠보통주","KOSPI","부동산 임대 및 공급업",12/01/31,"ACTIVE"
"089600","케이티나스미디어","KOSDAQ","광고업",13/07/17,"ACTIVE"
"418470","케이티밀리의서재","KOSDAQ","서적, 잡지 및 기타 인쇄물 출판업",23/09/27,"ACTIVE"
"053210","케이티스카이라이프","KOSPI","텔레비전 방송업",11/06/03,"ACTIVE"
"058850","케이티씨에스보통주","KOSPI","기타 정보 서비스업",10/09/16,"ACTIVE"
"058860","케이티아이에스보통주","KOSPI","기타 정보 서비스업",10/12/17,"ACTIVE"
"036030","케이티알파","KOSDAQ","상품 중개업",99/12/24,"ACTIVE"
"033780","케이티앤지보통주","KOSPI","담배 제조업",99/10/08,"ACTIVE"
"024880","케이피에프","KOSDAQ","기타 금속 가공제품 제조업",94/12/29,"ACTIVE"
"054410","케이피티유","KOSDAQ","섬유, 의복, 신발 및 가죽제품 소매업",02/04/25,"ACTIVE"
"274090","켄코아에어로스페이스","KOSDAQ","항공기,우주선 및 부품 제조업",20/03/03,"ACTIVE"
"402420","켈스","KONEX","의료용 기기 제조업",21/11/30,"ACTIVE"
"220260","켐트로스","KOSDAQ","기타 화학제품 제조업",15/07/27,"ACTIVE"
"176590","코나솔","KONEX","기타 금속 가공제품 제조업",22/06/15,"ACTIVE"
"402030","코난테크놀로지","KOSDAQ","소프트웨어 개발 및 공급업",22/07/07,"ACTIVE"
"391710","코닉오토메이션","KOSDAQ","특수 목적용 기계 제조업",21/10/15,"ACTIVE"
"047770","코데즈컴바인","KOSDAQ","봉제의복 제조업",01/09/18,"ACTIVE"
"080530","코디","KOSDAQ","기타 화학제품 제조업",10/01/05,"ACTIVE"
"417310","코람코더원리츠보통주","KOSPI","부동산 임대 및 공급업",22/03/28,"ACTIVE"
"104540","코렌텍","KOSDAQ","의료·정밀기기",13/03/05,"ACTIVE"
"027050","코리아나화장품","KOSDAQ","기타 화학제품 제조업",99/12/10,"ACTIVE"
"007815","코리아써키트1우선주","KOSPI","전기·전자",89/07/04,"ACTIVE"
"00781K","코리아써키트2우선주(신형)","KOSPI","전기·전자",13/06/17,"ACTIVE"
"007810","코리아써키트보통주","KOSPI","전자부품 제조업",85/09/09,"ACTIVE"
"190650","코리아에셋투자증권","KOSDAQ","금융 지원 서비스업",19/11/20,"ACTIVE"
"123410","코리아에프티","KOSDAQ","자동차 신품 부품 제조업",10/08/27,"ACTIVE"
"003690","코리안리재보험보통주","KOSPI","재 보험업",69/12/22,"ACTIVE"
"183300","코미코","KOSDAQ GLOBAL","특수 목적용 기계 제조업",17/03/23,"ACTIVE"
"041960","코미팜","KOSDAQ","의약품 제조업",01/10/30,"ACTIVE"
"089890","코세스","KOSDAQ","특수 목적용 기계 제조업",06/11/08,"ACTIVE"
"082660","코스나인","KOSDAQ","기타 화학제품 제조업",05/10/05,"ACTIVE"
"043710","코스리거글로벌","KOSDAQ","기타 전문 도매업",02/07/11,"ACTIVE"
"192820","코스맥스보통주","KOSPI","기타 화학제품 제조업",14/04/07,"ACTIVE"
"044820","코스맥스비티아이 주식회사 보통주","KOSPI","기타 금융업",06/11/13,"ACTIVE"
"222040","코스맥스엔비티","KOSDAQ","기타 식품 제조업",15/12/16,"ACTIVE"
"241710","코스메카코리아","KOSDAQ","기타 화학제품 제조업",16/10/28,"ACTIVE"
"005420","코스모화학보통주","KOSPI","기타 화학제품 제조업",87/07/23,"ACTIVE"
"355150","코스텍시스","KOSDAQ","반도체 제조업",20/09/18,"ACTIVE"
"169670","코스텍시스템","KONEX","특수 목적용 기계 제조업",22/01/21,"ACTIVE"
"071950","코아스보통주","KOSPI","가구 제조업",05/08/04,"ACTIVE"
"045970","코아시아","KOSDAQ","전자부품 제조업",00/08/03,"ACTIVE"
"196450","코아시아씨엠","KOSDAQ","사진장비 및 광학기기 제조업",14/06/02,"ACTIVE"
"384470","코어라인소프트","KOSDAQ","소프트웨어 개발 및 공급업",23/09/18,"ACTIVE"
"002025","코오롱1우선주","KOSPI","기타금융",89/08/22,"ACTIVE"
"003075","코오롱글로벌1우선주","KOSPI","건설",89/12/11,"ACTIVE"
"002020","코오롱보통주","KOSPI","기타 금융업",75/06/23,"ACTIVE"
"102940","코오롱생명과학","KOSDAQ","기초 의약물질 제조업",09/04/07,"ACTIVE"
"120115","코오롱인더스트리1우선주","KOSPI","화학",10/02/01,"ACTIVE"
"120110","코오롱인더스트리보통주","KOSPI","화학섬유 제조업",10/02/01,"ACTIVE"
"950160","코오롱티슈진","KOSDAQ","기초 의약물질 제조업",17/11/06,"ACTIVE"
"056360","코위버","KOSDAQ","통신 및 방송 장비 제조업",01/12/04,"ACTIVE"
"282880","코윈테크","KOSDAQ","특수 목적용 기계 제조업",19/08/05,"ACTIVE"
"126730","코칩","KOSDAQ","전자부품 제조업",24/05/07,"ACTIVE"
"015710","코콤","KOSDAQ","통신 및 방송 장비 제조업",97/09/30,"ACTIVE"
"052330","코텍","KOSDAQ","영상 및 음향기기 제조업",01/07/10,"ACTIVE"
"200130","콜마비앤에이치","KOSDAQ GLOBAL","기초 의약물질 제조업",14/07/23,"ACTIVE"
"024720","콜마홀딩스보통주","KOSPI","기타 금융업",02/04/09,"ACTIVE"
"294570","쿠콘","KOSDAQ","기타 정보 서비스업",21/04/28,"ACTIVE"
"192400","쿠쿠홀딩스보통주","KOSPI","기타 금융업",14/08/06,"ACTIVE"
"284740","쿠쿠홈시스보통주","KOSPI","개인 및 가정용품 임대업",18/01/11,"ACTIVE"
"317690","퀀타매트릭스","KOSDAQ","의료용 기기 제조업",20/12/09,"ACTIVE"
"456190","큐라켐","KONEX","의료용품 및 기타 의약 관련제품 제조업",23/05/18,"ACTIVE"
"060280","큐렉소","KOSDAQ","기타 상품 전문 소매업",02/07/03,"ACTIVE"
"372320","큐로셀","KOSDAQ","자연과학 및 공학 연구개발업",23/11/09,"ACTIVE"
"494120","큐리오시스","KOSDAQ","사진장비 및 광학기기 제조업",25/11/13,"ACTIVE"
"445680","큐리옥스바이오시스템즈","KOSDAQ","의료용 기기 제조업",23/08/10,"ACTIVE"
"066310","큐에스아이","KOSDAQ","반도체 제조업",06/11/24,"ACTIVE"
"377460","큐에이드","KOSDAQ","개인 및 가정용품 수리업",22/06/23,"ACTIVE"
"136660","큐엠씨","KONEX","특수 목적용 기계 제조업",14/07/01,"ACTIVE"
"016600","큐캐피탈파트너스","KOSDAQ","기타 금융업",93/06/21,"ACTIVE"
"26490K","크라운제과1우선주","KOSPI","음식료·담배",17/04/11,"ACTIVE"
"005745","크라운해태홀딩스1우선주","KOSPI","기타금융",94/11/22,"ACTIVE"
"005740","크라운해태홀딩스보통주","KOSPI","기타 금융업",76/06/30,"ACTIVE"
"259960","크래프톤보통주","KOSPI","소프트웨어 개발 및 공급업",21/08/10,"ACTIVE"
"096240","크레버스","KOSDAQ","일반 교습 학원",08/06/27,"ACTIVE"
"215570","크로넥스","KONEX","자연과학 및 공학 연구개발업",15/12/28,"ACTIVE"
"110790","크리스에프앤씨","KOSDAQ","봉제의복 제조업",18/10/01,"ACTIVE"
"214150","클래시스","KOSDAQ GLOBAL","의료용 기기 제조업",15/04/03,"ACTIVE"
"466100","클로봇","KOSDAQ","소프트웨어 개발 및 공급업",24/10/28,"ACTIVE"
"139670","키네마스터","KOSDAQ","소프트웨어 개발 및 공급업",11/12/02,"ACTIVE"
"487720","키움제10호기업인수목적","KOSDAQ","금융 지원 서비스업",24/12/20,"ACTIVE"
"489480","키움제11호기업인수목적","KOSDAQ","금융 지원 서비스업",24/12/11,"ACTIVE"
"039490","키움증권보통주","KOSPI","금융 지원 서비스업",09/08/03,"ACTIVE"
"466690","키움히어로제1호기업인수목적","KOSDAQ","금융 지원 서비스업",25/12/12,"ACTIVE"
"054780","키이스트","KOSDAQ","영화, 비디오물, 방송프로그램 제작 및 배급업",03/11/14,"ACTIVE"
"336040","타스컴","KONEX","의료용 기기 제조업",19/12/02,"ACTIVE"
"219130","타이거일렉","KOSDAQ","전자부품 제조업",15/09/25,"ACTIVE"
"318660","타임기술","KONEX","소프트웨어 개발 및 공급업",21/06/24,"ACTIVE"
"434190","탈로스","KONEX","일차전지 및 이차전지 제조업",22/10/24,"ACTIVE"
"336680","탑런토탈솔루션","KOSDAQ","전자부품 제조업",24/11/01,"ACTIVE"
"180060","탑선","KONEX","기타 전기장비 제조업",17/10/27,"ACTIVE"
"014580","태경비케이보통주","KOSPI","시멘트, 석회, 플라스터 및 그 제품 제조업",91/03/07,"ACTIVE"
"015890","태경산업보통주","KOSPI","기초 화학물질 제조업",96/01/30,"ACTIVE"
"023160","태광","KOSDAQ","1차 철강 제조업",94/09/07,"ACTIVE"
"003240","태광산업보통주","KOSPI","화학섬유 제조업",75/12/27,"ACTIVE"
"011280","태림포장보통주","KOSPI","골판지, 종이 상자 및 종이용기 제조업",88/12/20,"ACTIVE"
"053620","태양","KOSDAQ","기타 금속 가공제품 제조업",01/08/07,"ACTIVE"
"004105","태양금속공업1우선주","KOSPI","운송장비·부품",90/01/08,"ACTIVE"
"004100","태양금속공업보통주","KOSPI","자동차 신품 부품 제조업",76/05/25,"ACTIVE"
"116100","태양기계 주식회사","KONEX","자동차 신품 부품 제조업",13/07/01,"ACTIVE"
"009415","태영건설우선주","KOSPI","건설",94/11/22,"ACTIVE"
"124560","태웅로직스","KOSDAQ","기타 운송관련 서비스업",19/12/10,"ACTIVE"
"001420","태원물산보통주","KOSPI","자동차 신품 부품 제조업",75/06/24,"ACTIVE"
"950250","테라뷰홀딩스","KOSDAQ","기타 금융업",25/12/09,"ACTIVE"
"073640","테라사이언스","KOSDAQ","기타 금속 가공제품 제조업",04/01/06,"ACTIVE"
"066700","테라젠이텍스","KOSDAQ","의약품 제조업",04/05/27,"ACTIVE"
"055490","테이팩스보통주","KOSPI","플라스틱제품 제조업",17/10/31,"ACTIVE"
"064520","테크엘","KOSDAQ","반도체 제조업",02/12/04,"ACTIVE"
"089030","테크윙","KOSDAQ","특수 목적용 기계 제조업",11/11/10,"ACTIVE"
"054450","텔레칩스","KOSDAQ","반도체 제조업",04/12/10,"ACTIVE"
"200230","텔콘알에프제약","KOSDAQ","의약품 제조업",14/11/24,"ACTIVE"
"214420","토니모리보통주","KOSPI","기타 화학제품 제조업",15/07/10,"ACTIVE"
"393210","토마토시스템","KOSDAQ","소프트웨어 개발 및 공급업",23/04/27,"ACTIVE"
"475960","토모큐브","KOSDAQ","사진장비 및 광학기기 제조업",24/11/07,"ACTIVE"
"051360","토비스","KOSDAQ","영상 및 음향기기 제조업",04/11/19,"ACTIVE"
"045340","토탈소프트뱅크","KOSDAQ","소프트웨어 개발 및 공급업",02/07/19,"ACTIVE"
"108230","톱텍","KOSDAQ","특수 목적용 기계 제조업",09/09/15,"ACTIVE"
"199800","툴젠","KOSDAQ","자연과학 및 공학 연구개발업",21/12/10,"ACTIVE"
"417790","트루엔","KOSDAQ","영상 및 음향기기 제조업",23/05/17,"ACTIVE"
"091810","트리니티항공보통주","KOSPI","항공 여객 운송업",18/08/01,"ACTIVE"
"026150","특수건설","KOSDAQ","토목 건설업",97/08/06,"ACTIVE"
"464280","티디에스팜","KOSDAQ","의약품 제조업",24/08/21,"ACTIVE"
"117730","티로보틱스","KOSDAQ","특수 목적용 기계 제조업",18/11/29,"ACTIVE"
"033830","티비씨","KOSDAQ","텔레비전 방송업",10/11/29,"ACTIVE"
"204610","티쓰리엔터테인먼트","KOSDAQ","소프트웨어 개발 및 공급업",22/11/17,"ACTIVE"
"125020","티씨머티리얼즈","KOSDAQ","절연선 및 케이블 제조업",25/05/15,"ACTIVE"
"246710","티앤알바이오팹","KOSDAQ","기초 의약물질 제조업",18/11/28,"ACTIVE"
"340570","티앤엘","KOSDAQ","의료용품 및 기타 의약 관련제품 제조업",20/11/20,"ACTIVE"
"277880","티에스아이","KOSDAQ","특수 목적용 기계 제조업",20/07/22,"ACTIVE"
"246690","티에스인베스트먼트","KOSDAQ","신탁업 및 집합투자업",16/12/15,"ACTIVE"
"317240","티에스트릴리온","KOSDAQ","기타 화학제품 제조업",19/04/29,"ACTIVE"
"019180","티에이치엔보통주","KOSPI","기타 전기장비 제조업",96/07/31,"ACTIVE"
"425420","티에프이","KOSDAQ","전자부품 제조업",22/11/17,"ACTIVE"
"484810","티엑스알로보틱스","KOSDAQ","일반 목적용 기계 제조업",25/03/20,"ACTIVE"
"356860","티엘비","KOSDAQ","전자부품 제조업",20/12/14,"ACTIVE"
"413300","티엘엔지니어링","KONEX","건축기술, 엔지니어링 및 관련 기술 서비스업",22/09/27,"ACTIVE"
"002900","티와이엠보통주","KOSPI","특수 목적용 기계 제조업",73/06/26,"ACTIVE"
"36328K","티와이홀딩스1우선주","KOSPI","기타금융",20/09/22,"ACTIVE"
"363280","티와이홀딩스보통주","KOSPI","기타 금융업",20/09/22,"ACTIVE"
"321550","티움바이오","KOSDAQ","자연과학 및 공학 연구개발업",19/11/22,"ACTIVE"
"425040","티이엠씨","KOSDAQ","기초 화학물질 제조업",23/01/19,"ACTIVE"
"032540","티제이미디어","KOSDAQ","영상 및 음향기기 제조업",97/04/16,"ACTIVE"
"022220","티케이지애강","KOSDAQ","플라스틱제품 제조업",06/04/11,"ACTIVE"
"104480","티케이케미칼","KOSDAQ","화학섬유 제조업",11/04/26,"ACTIVE"
"081150","티플랙스","KOSDAQ","1차 비철금속 제조업",09/04/23,"ACTIVE"
"007980","티피보통주","KOSPI","봉제의복 제조업",94/12/27,"ACTIVE"
"130740","티피씨","KOSDAQ","자동차 신품 부품 제조업",11/02/08,"ACTIVE"
"440110","파두","KOSDAQ","반도체 제조업",23/08/07,"ACTIVE"
"034230","파라다이스보통주","KOSPI","유원지 및 기타 오락관련 서비스업",24/06/24,"ACTIVE"
"290560","파라택시스이더리움","KOSDAQ","소프트웨어 개발 및 공급업",23/11/03,"ACTIVE"
"388870","파로스아이바이오","KOSDAQ","자연과학 및 공학 연구개발업",23/07/27,"ACTIVE"
"217950","파마리서치바이오","KONEX","의약품 제조업",15/11/05,"ACTIVE"
"005690","파미셀보통주","KOSPI","전자부품 제조업",88/05/20,"ACTIVE"
"177830","파버나인","KOSDAQ","전자부품 제조업",14/08/04,"ACTIVE"
"037070","파세코","KOSDAQ","가정용 기기 제조업",00/01/04,"ACTIVE"
"047310","파워로직스","KOSDAQ","전동기, 발전기 및 전기 변환 · 공급 · 제어 장치 제조업",03/07/25,"ACTIVE"
"049120","파인디앤씨","KOSDAQ","전자부품 제조업",01/07/26,"ACTIVE"
"038950","파인디지털","KOSDAQ","통신 및 방송 장비 제조업",00/05/04,"ACTIVE"
"387570","파인메딕스","KOSDAQ","의료용 기기 제조업",24/12/26,"ACTIVE"
"106240","파인테크닉스","KOSDAQ","전구 및 조명장치 제조업",09/03/16,"ACTIVE"
"131760","파인텍","KOSDAQ","특수 목적용 기계 제조업",15/08/17,"ACTIVE"
"091700","파트론","KOSDAQ GLOBAL","전자부품 제조업",06/12/13,"ACTIVE"
"032800","판타지오","KOSDAQ","창작 및 예술관련 서비스업",97/06/26,"ACTIVE"
"318010","팜스빌","KOSDAQ","기타 식품 제조업",19/10/22,"ACTIVE"
"036580","팜스코보통주","KOSPI","곡물가공품, 전분 및 전분제품 제조업",99/10/25,"ACTIVE"
"004720","팜젠사이언스보통주","KOSPI","의약품 제조업",90/06/15,"ACTIVE"
"225590","패션플랫폼","KOSDAQ","봉제의복 제조업",15/10/05,"ACTIVE"
"054300","팬스타엔터프라이즈","KOSDAQ","일반 목적용 기계 제조업",02/01/10,"ACTIVE"
"028670","팬오션보통주","KOSPI","해상 운송업",07/09/21,"ACTIVE"
"222110","팬젠","KOSDAQ","의약품 제조업",16/03/11,"ACTIVE"
"010820","퍼스텍보통주","KOSPI","무기 및 총포탄 제조업",89/05/10,"ACTIVE"
"016800","퍼시스보통주","KOSPI","가구 제조업",96/12/24,"ACTIVE"
"263750","펄어비스","KOSDAQ GLOBAL","소프트웨어 개발 및 공급업",17/09/14,"ACTIVE"
"0015S0","페스카로","KOSDAQ","그외 기타 전문, 과학 및 기술 서비스업",25/12/10,"ACTIVE"
"327610","펨토바이오메드","KONEX","의료용 기기 제조업",19/07/10,"ACTIVE"
"168360","펨트론","KOSDAQ","특수 목적용 기계 제조업",22/11/24,"ACTIVE"
"087010","펩트론","KOSDAQ","기초 의약물질 제조업",15/07/22,"ACTIVE"
"010770","평화홀딩스보통주","KOSPI","자동차 신품 부품 제조업",86/03/31,"ACTIVE"
"064800","포니링크","KOSDAQ","섬유, 의복, 신발 및 가죽제품 소매업",02/08/22,"ACTIVE"
"119500","포메탈","KOSDAQ","기타 금속 가공제품 제조업",10/09/17,"ACTIVE"
"022100","포스코DX보통주","KOSPI","건축기술, 엔지니어링 및 관련 기술 서비스업",24/01/02,"ACTIVE"
"047050","포스코인터내셔널보통주","KOSPI","상품 중개업",01/03/23,"ACTIVE"
"003670","포스코퓨처엠보통주","KOSPI","일차전지 및 이차전지 제조업",19/05/29,"ACTIVE"
"005490","포스코홀딩스보통주","KOSPI","1차 철강 제조업",88/06/10,"ACTIVE"
"318020","포인트모바일","KOSDAQ","컴퓨터 및 주변장치 제조업",20/12/03,"ACTIVE"
"256630","포인트엔지니어링","KOSDAQ","기타 금속 가공제품 제조업",17/05/02,"ACTIVE"
"208710","포톤","KOSDAQ","전자부품 제조업",14/12/24,"ACTIVE"
"234100","폴라리스세원","KOSDAQ","자동차 신품 부품 제조업",17/10/20,"ACTIVE"
"041020","폴라리스오피스","KOSDAQ","소프트웨어 개발 및 공급업",05/10/28,"ACTIVE"
"114630","폴라리스우노","KOSDAQ","화학섬유 제조업",10/01/15,"ACTIVE"
"290720","푸드나무","KOSDAQ","무점포 소매업",18/10/04,"ACTIVE"
"005670","푸드웰","KOSDAQ","과실, 채소 가공 및 저장 처리업",93/12/07,"ACTIVE"
"094940","푸른기술","KOSDAQ","컴퓨터 및 주변장치 제조업",07/09/14,"ACTIVE"
"007330","푸른저축은행","KOSDAQ","은행 및 저축기관",93/12/07,"ACTIVE"
"017810","풀무원보통주","KOSPI","기타 식품 제조업",95/10/05,"ACTIVE"
"023900","풍국주정공업","KOSDAQ","알코올음료 제조업",94/11/23,"ACTIVE"
"103140","풍산 보통주","KOSPI","1차 비철금속 제조업",08/07/30,"ACTIVE"
"005810","풍산홀딩스보통주","KOSPI","기타 금융업",88/07/28,"ACTIVE"
"371950","풍원정밀","KOSDAQ","전자부품 제조업",22/02/28,"ACTIVE"
"445180","퓨릿","KOSDAQ","기초 화학물질 제조업",23/10/18,"ACTIVE"
"341170","퓨쳐메디신","KONEX","자연과학 및 공학 연구개발업",22/07/27,"ACTIVE"
"220100","퓨쳐켐","KOSDAQ","의약품 제조업",16/12/01,"ACTIVE"
"035200","프럼파스트","KOSDAQ","플라스틱제품 제조업",02/01/15,"ACTIVE"
"950210","프레스티지바이오파마KDR","KOSPI","자연과학 및 공학 연구개발업",21/02/05,"ACTIVE"
"227100","프로브잇","KOSDAQ","부동산 관련 서비스업",18/11/15,"ACTIVE"
"321260","프로이천","KOSDAQ","반도체 제조업",19/05/31,"ACTIVE"
"053610","프로텍","KOSDAQ","특수 목적용 기계 제조업",01/08/17,"ACTIVE"
"468530","프로티나","KOSDAQ","자연과학 및 공학 연구개발업",25/07/29,"ACTIVE"
"303360","프로티아","KOSDAQ","의료용 기기 제조업",23/06/16,"ACTIVE"
"377220","프롬바이오","KOSDAQ","기타 식품 제조업",21/09/28,"ACTIVE"
"053160","프리엠스","KOSDAQ","전동기, 발전기 및 전기 변환 · 공급 · 제어 장치 제조업",01/10/30,"ACTIVE"
"405000","플라즈맵","KOSDAQ","의료용 기기 제조업",22/10/21,"ACTIVE"
"367000","플래티어","KOSDAQ","소프트웨어 개발 및 공급업",21/08/12,"ACTIVE"
"222670","플럼라인생명과학","KONEX","자연과학 및 공학 연구개발업",15/07/28,"ACTIVE"
"009810","플레이그램보통주","KOSPI","기타 전문 도매업",88/08/31,"ACTIVE"
"237820","플레이디","KOSDAQ","광고업",20/03/12,"ACTIVE"
"019570","플루토스투자","KOSDAQ","신탁업 및 집합투자업",89/03/14,"ACTIVE"
"033790","피노","KOSDAQ","일차전지 및 이차전지 제조업",01/06/26,"ACTIVE"
"032580","피델릭스","KOSDAQ","반도체 제조업",97/04/22,"ACTIVE"
"051380","피씨디렉트","KOSDAQ","기계장비 및 관련 물품 도매업",02/02/15,"ACTIVE"
"452450","피아이이","KOSDAQ","특수 목적용 기계 제조업",25/02/04,"ACTIVE"
"178920","피아이첨단소재보통주","KOSPI","플라스틱제품 제조업",21/08/09,"ACTIVE"
"460940","피앤에스로보틱스","KOSDAQ","의료용 기기 제조업",24/07/31,"ACTIVE"
"319660","피에스케이","KOSDAQ GLOBAL","특수 목적용 기계 제조업",19/05/10,"ACTIVE"
"031980","피에스케이홀딩스","KOSDAQ","특수 목적용 기계 제조업",97/01/07,"ACTIVE"
"239890","피엔에이치테크","KOSDAQ","기초 화학물질 제조업",21/02/16,"ACTIVE"
"347740","피엔케이피부임상연구센타","KOSDAQ","그외 기타 전문, 과학 및 기술 서비스업",20/09/09,"ACTIVE"
"137400","피엔티","KOSDAQ GLOBAL","특수 목적용 기계 제조업",12/07/06,"ACTIVE"
"257370","피엔티엠에스","KOSDAQ","특수 목적용 기계 제조업",18/09/13,"ACTIVE"
"128660","피제이메탈","KOSDAQ","1차 비철금속 제조업",10/12/13,"ACTIVE"
"006140","피제이전자","KOSDAQ","의료용 기기 제조업",93/12/07,"ACTIVE"
"001340","피케이씨보통주","KOSPI","기초 화학물질 제조업",76/06/10,"ACTIVE"
"087600","픽셀플러스","KOSDAQ","전자부품 제조업",15/06/12,"ACTIVE"
"291810","핀텔","KOSDAQ","소프트웨어 개발 및 공급업",22/10/20,"ACTIVE"
"347770","핌스","KOSDAQ","전자부품 제조업",20/09/18,"ACTIVE"
"163730","핑거","KOSDAQ","소프트웨어 개발 및 공급업",21/01/29,"ACTIVE"
"417180","핑거스토리","KOSDAQ","기타 정보 서비스업",22/12/08,"ACTIVE"
"469900","하나31호기업인수목적","KOSDAQ","금융 지원 서비스업",24/03/05,"ACTIVE"
"475250","하나33호기업인수목적","KOSDAQ","금융 지원 서비스업",24/04/24,"ACTIVE"
"484130","하나34호기업인수목적","KOSDAQ","금융 지원 서비스업",24/11/19,"ACTIVE"
"0041L0","하나35호기업인수목적","KOSDAQ","금융 지원 서비스업",25/08/06,"ACTIVE"
"086790","하나금융지주보통주","KOSPI","기타 금융업",05/12/12,"ACTIVE"
"299030","하나기술","KOSDAQ","특수 목적용 기계 제조업",20/11/25,"ACTIVE"
"166090","하나머티리얼즈","KOSDAQ GLOBAL","반도체 제조업",17/04/28,"ACTIVE"
"293480","하나제약보통주","KOSPI","의약품 제조업",18/10/02,"ACTIVE"
"136480","하림","KOSDAQ","도축, 육류 가공 및 저장 처리업",11/05/02,"ACTIVE"
"003380","하림지주","KOSDAQ GLOBAL","기타 금융업",17/06/30,"ACTIVE"
"365590","하이딥","KOSDAQ","반도체 제조업",20/12/21,"ACTIVE"
"149980","하이로닉","KOSDAQ","의료용 기기 제조업",14/12/17,"ACTIVE"
"013030","하이록코리아","KOSDAQ","1차 철강 제조업",89/12/15,"ACTIVE"
"352820","하이브보통주","KOSPI","오디오물 출판 및 원판 녹음업",20/10/15,"ACTIVE"
"071090","하이스틸 보통주","KOSPI","1차 철강 제조업",03/02/17,"ACTIVE"
"221840","하이즈항공","KOSDAQ","항공기,우주선 및 부품 제조업",15/11/25,"ACTIVE"
"106190","하이텍팜","KOSDAQ","기초 의약물질 제조업",10/07/28,"ACTIVE"
"000087","하이트진로2우선주(신형)","KOSPI","음식료·담배",11/09/26,"ACTIVE"
"000080","하이트진로보통주","KOSPI","알코올음료 제조업",09/10/19,"ACTIVE"
"000145","하이트진로홀딩스1우선주","KOSPI","기타금융",87/09/29,"ACTIVE"
"000140","하이트진로홀딩스보통주","KOSPI","기타 금융업",73/09/19,"ACTIVE"
"004590","한국가구","KOSDAQ","기타 상품 전문 소매업",93/06/03,"ACTIVE"
"036460","한국가스공사보통주","KOSPI","연료용 가스 제조 및 배관공급업",99/12/15,"ACTIVE"
"039340","한국경제티브이","KOSDAQ","텔레비전 방송업",04/07/30,"ACTIVE"
"034950","한국기업평가","KOSDAQ","기타 사업지원 서비스업",02/02/07,"ACTIVE"
"010040","한국내화보통주","KOSPI","내화, 비내화 요업제품 제조업",00/10/16,"ACTIVE"
"010100","한국무브넥스보통주","KOSPI","자동차 신품 부품 제조업",87/10/02,"ACTIVE"
"331660","한국미라클피플사","KONEX","기타 화학제품 제조업",19/10/28,"ACTIVE"
"256840","한국비엔씨","KOSDAQ","기초 의약물질 제조업",16/12/28,"ACTIVE"
"219750","한국비티비","KOSDAQ","의료용 기기 제조업",18/09/21,"ACTIVE"
"025550","한국선재","KOSDAQ","1차 철강 제조업",95/06/19,"ACTIVE"
"002200","한국수출포장공업보통주","KOSPI","골판지, 종이 상자 및 종이용기 제조업",74/06/28,"ACTIVE"
"002960","한국쉘석유보통주","KOSPI","석유 정제품 제조업",88/08/10,"ACTIVE"
"000240","한국앤컴퍼니보통주","KOSPI","기타금융",68/12/27,"ACTIVE"
"033270","한국유나이티드제약 보통주","KOSPI","의약품 제조업",07/10/23,"ACTIVE"
"080720","한국유니온제약","KOSDAQ","의약품 제조업",18/07/26,"ACTIVE"
"123890","한국자산신탁보통주","KOSPI","신탁업 및 집합투자업",16/07/13,"ACTIVE"
"015760","한국전력공사보통주","KOSPI","전기업",89/08/10,"ACTIVE"
"006200","한국전자홀딩스보통주","KOSPI","기타 금융업",79/11/30,"ACTIVE"
"101680","한국정밀기계","KOSDAQ","특수 목적용 기계 제조업",09/05/19,"ACTIVE"
"039740","한국정보공학","KOSDAQ","기타 전문 도매업",00/07/06,"ACTIVE"
"053300","한국정보인증","KOSDAQ","소프트웨어 개발 및 공급업",14/02/04,"ACTIVE"
"025770","한국정보통신","KOSDAQ","전기 통신업",98/01/20,"ACTIVE"
"027970","한국제지보통주","KOSPI","펄프, 종이 및 판지 제조업",96/07/03,"ACTIVE"
"023350","한국종합기술보통주","KOSPI","건축기술, 엔지니어링 및 관련 기술 서비스업",11/04/28,"ACTIVE"
"000970","한국주철관공업보통주","KOSPI","1차 철강 제조업",69/12/12,"ACTIVE"
"104700","한국철강보통주","KOSPI","1차 철강 제조업",08/09/29,"ACTIVE"
"062970","한국첨단소재","KOSDAQ","통신 및 방송 장비 제조업",19/12/26,"ACTIVE"
"054040","한국컴퓨터","KOSDAQ","전자부품 제조업",02/01/15,"ACTIVE"
"161890","한국콜마보통주","KOSPI","기타 화학제품 제조업",12/10/19,"ACTIVE"
"021650","한국큐빅","KOSDAQ","플라스틱제품 제조업",03/01/24,"ACTIVE"
"034830","한국토지신탁보통주","KOSPI","신탁업 및 집합투자업",16/07/11,"ACTIVE"
"071055","한국투자금융지주1우선주","KOSPI","기타금융",03/07/21,"ACTIVE"
"071050","한국투자금융지주보통주","KOSPI","기타 금융업",03/07/21,"ACTIVE"
"007280","한국특강보통주","KOSPI","1차 철강 제조업",89/11/13,"ACTIVE"
"032300","한국파마","KOSDAQ","의약품 제조업",20/08/10,"ACTIVE"
"047810","한국항공우주산업보통주","KOSPI","항공기,우주선 및 부품 제조업",11/06/30,"ACTIVE"
"123690","한국화장품보통주","KOSPI","생활용품 도매업",10/06/01,"ACTIVE"
"003350","한국화장품제조보통주","KOSPI","기타 화학제품 제조업",78/02/06,"ACTIVE"
"052600","한네트","KOSDAQ","전기 통신업",01/07/10,"ACTIVE"
"011500","한농화성보통주","KOSPI","기타 화학제품 제조업",03/01/09,"ACTIVE"
"002390","한독보통주","KOSPI","의약품 제조업",76/06/30,"ACTIVE"
"256150","한독크린텍","KOSDAQ","일반 목적용 기계 제조업",19/09/05,"ACTIVE"
"125490","한라캐스트","KOSDAQ","자동차 신품 부품 제조업",25/08/20,"ACTIVE"
"042700","한미반도체보통주","KOSPI","특수 목적용 기계 제조업",05/07/22,"ACTIVE"
"008930","한미사이언스보통주","KOSPI","기타 금융업",88/06/20,"ACTIVE"
"128940","한미약품보통주","KOSPI","의약품 제조업",10/07/30,"ACTIVE"
"452190","한빛레이저","KOSDAQ","특수 목적용 기계 제조업",24/01/04,"ACTIVE"
"047080","한빛소프트","KOSDAQ","소프트웨어 개발 및 공급업",02/01/10,"ACTIVE"
"452280","한선엔지니어링","KOSDAQ","기타 금속 가공제품 제조업",23/11/24,"ACTIVE"
"020000","한섬보통주","KOSPI","봉제의복 제조업",96/07/03,"ACTIVE"
"105630","한세실업보통주","KOSPI","봉제의복 제조업",09/03/20,"ACTIVE"
"069640","한세엠케이보통주","KOSPI","섬유, 의복, 신발 및 가죽제품 소매업",11/06/21,"ACTIVE"
"016450","한세예스24홀딩스보통주","KOSPI","봉제의복 제조업",00/01/06,"ACTIVE"
"114810","한솔아이원스","KOSDAQ","특수 목적용 기계 제조업",13/02/07,"ACTIVE"
"213500","한솔제지보통주","KOSPI","펄프, 종이 및 판지 제조업",15/01/26,"ACTIVE"
"014680","한솔케미칼보통주","KOSPI","기초 화학물질 제조업",89/05/20,"ACTIVE"
"004710","한솔테크닉스보통주","KOSPI","전자부품 제조업",88/07/06,"ACTIVE"
"004150","한솔홀딩스보통주","KOSPI","기타 금융업",72/05/17,"ACTIVE"
"042520","한스바이오메드","KOSDAQ","의료용품 및 기타 의약 관련제품 제조업",09/10/09,"ACTIVE"
"004960","한신공영보통주","KOSPI","건물 건설업",76/07/07,"ACTIVE"
"430690","한싹","KOSDAQ","소프트웨어 개발 및 공급업",23/10/04,"ACTIVE"
"078350","한양디지텍","KOSDAQ","반도체 제조업",04/05/14,"ACTIVE"
"001755","한양증권1우선주","KOSPI","증권",89/10/24,"ACTIVE"
"001750","한양증권보통주","KOSPI","금융 지원 서비스업",88/03/04,"ACTIVE"
"018880","한온시스템보통주","KOSPI","일반 목적용 기계 제조업",96/07/31,"ACTIVE"
"320000","한울반도체","KOSDAQ","특수 목적용 기계 제조업",19/09/18,"ACTIVE"
"091440","한울소재과학","KOSDAQ","통신 및 방송 장비 제조업",08/02/01,"ACTIVE"
"014130","한익스프레스보통주","KOSPI","도로 화물 운송업",89/07/25,"ACTIVE"
"024740","한일단조공업","KOSDAQ","자동차 신품 부품 제조업",96/11/29,"ACTIVE"
"300720","한일시멘트보통주","KOSPI","시멘트, 석회, 플라스터 및 그 제품 제조업",18/08/06,"ACTIVE"
"002220","한일철강보통주","KOSPI","1차 철강 제조업",88/10/07,"ACTIVE"
"007770","한일화학공업","KOSDAQ","기초 화학물질 제조업",92/09/07,"ACTIVE"
"051600","한전KPS 보통주","KOSPI","전기 및 통신 공사업",07/12/14,"ACTIVE"
"198940","한주라이트메탈","KOSDAQ","1차 비철금속 제조업",23/01/19,"ACTIVE"
"002320","한진보통주","KOSPI","도로 화물 운송업",74/08/12,"ACTIVE"
"003480","한진중공업홀딩스보통주","KOSPI","연료용 가스 제조 및 배관공급업",56/03/03,"ACTIVE"
"18064K","한진칼1우선주","KOSPI","기타금융",13/09/16,"ACTIVE"
"180640","한진칼보통주","KOSPI","기타 금융업",13/09/16,"ACTIVE"
"005110","한창보통주","KOSPI","기계장비 및 관련 물품 도매업",76/06/01,"ACTIVE"
"079170","한창산업","KOSDAQ","1차 비철금속 제조업",05/02/01,"ACTIVE"
"372910","한컴라이프케어보통주","KOSPI","의료용 기기 제조업",21/08/17,"ACTIVE"
"054920","한컴위드","KOSDAQ","소프트웨어 개발 및 공급업",01/11/01,"ACTIVE"
"457370","한켐","KOSDAQ","기초 화학물질 제조업",24/10/22,"ACTIVE"
"408470","한패스","KOSDAQ","기타 금융업",26/03/25,"ACTIVE"
"00088K","한화3우선주(신형)","KOSPI","화학",16/10/19,"ACTIVE"
"45226K","한화갤러리아1우선주","KOSPI","유통",23/03/31,"ACTIVE"
"452260","한화갤러리아보통주","KOSPI","종합 소매업",23/03/31,"ACTIVE"
"451800","한화리츠보통주","KOSPI","부동산 임대 및 공급업",23/03/27,"ACTIVE"
"489790","한화비전보통주","KOSPI","통신 및 방송 장비 제조업",24/09/27,"ACTIVE"
"088350","한화생명보험보통주","KOSPI","보험업",10/03/17,"ACTIVE"
"000370","한화손해보험보통주","KOSPI","보험업",75/06/30,"ACTIVE"
"009835","한화솔루션1우선주","KOSPI","화학",89/11/21,"ACTIVE"
"009830","한화솔루션보통주","KOSPI","기초 화학물질 제조업",74/06/19,"ACTIVE"
"272210","한화시스템보통주","KOSPI","전자부품 제조업",19/11/13,"ACTIVE"
"082740","한화엔진보통주","KOSPI","일반 목적용 기계 제조업",11/01/04,"ACTIVE"
"042660","한화오션보통주","KOSPI","선박 및 보트 건조업",01/02/02,"ACTIVE"
"003535","한화투자증권1우선주","KOSPI","증권",89/05/06,"ACTIVE"
"003530","한화투자증권보통주","KOSPI","금융 지원 서비스업",86/11/25,"ACTIVE"
"498390","한화플러스제5호기업인수목적","KOSDAQ","금융 지원 서비스업",25/03/20,"ACTIVE"
"195870","해성디에스보통주","KOSPI","전자부품 제조업",16/06/24,"ACTIVE"
"034810","해성산업","KOSDAQ","기타 금융업",99/04/16,"ACTIVE"
"03481K","해성산업1우선주","KOSDAQ","금융",21/12/02,"ACTIVE"
"101530","해태제과식품주식회사","KOSPI","기타 식품 제조업",16/05/11,"ACTIVE"
"220180","핸디소프트","KOSDAQ","소프트웨어 개발 및 공급업",16/11/24,"ACTIVE"
"143210","핸즈코퍼레이션보통주","KOSPI","자동차 신품 부품 제조업",16/12/02,"ACTIVE"
"900270","헝셩그룹유한회사","KOSDAQ","기타 금융업",16/08/18,"ACTIVE"
"234340","헥토파이낸셜","KOSDAQ","금융 지원 서비스업",19/07/12,"ACTIVE"
"000725","현대건설1우선주","KOSPI","건설",89/09/21,"ACTIVE"
"000720","현대건설보통주","KOSPI","토목 건설업",84/12/22,"ACTIVE"
"170030","현대공업","KOSDAQ","자동차 신품 부품 제조업",13/12/04,"ACTIVE"
"453340","현대그린푸드보통주","KOSPI","종합 소매업",23/04/10,"ACTIVE"
"064350","현대로템보통주","KOSPI","그외 기타 운송장비 제조업",13/10/30,"ACTIVE"
"079430","현대리바트보통주","KOSPI","가구 제조업",05/11/22,"ACTIVE"
"012330","현대모비스보통주","KOSPI","자동차 신품 부품 제조업",89/09/05,"ACTIVE"
"319400","현대무벡스","KOSDAQ","일반 목적용 기계 제조업",19/05/08,"ACTIVE"
"052260","현대바이오랜드","KOSDAQ","기타 화학제품 제조업",01/05/17,"ACTIVE"
"069960","현대백화점보통주","KOSPI","종합 소매업",02/11/25,"ACTIVE"
"004560","현대비앤지스틸보통주","KOSPI","1차 철강 제조업",87/03/24,"ACTIVE"
"004310","현대약품보통주","KOSPI","의약품 제조업",78/06/28,"ACTIVE"
"041440","현대에버다임","KOSDAQ","특수 목적용 기계 제조업",03/11/14,"ACTIVE"
"039010","현대에이치티","KOSDAQ","통신 및 방송 장비 제조업",00/07/20,"ACTIVE"
"017800","현대엘리베이터보통주","KOSPI","일반 목적용 기계 제조업",96/07/03,"ACTIVE"
"307950","현대오토에버보통주","KOSPI","소프트웨어 개발 및 공급업",19/03/28,"ACTIVE"
"011210","현대위아보통주","KOSPI","자동차 신품 부품 제조업",11/02/21,"ACTIVE"
"090850","현대이지웰","KOSDAQ","소프트웨어 개발 및 공급업",13/12/27,"ACTIVE"
"005385","현대자동차1우선주","KOSPI","운송장비·부품",89/09/11,"ACTIVE"
"005387","현대자동차2우선주(신형)","KOSPI","운송장비·부품",98/12/02,"ACTIVE"
"005389","현대자동차3우선주(신형)","KOSPI","운송장비·부품",99/04/15,"ACTIVE"
"005380","현대자동차보통주","KOSPI","자동차용 엔진 및 자동차 제조업",74/06/28,"ACTIVE"
"004020","현대제철 보통주","KOSPI","1차 철강 제조업",87/05/23,"ACTIVE"
"005440","현대지에프홀딩스보통주","KOSPI","기타 금융업",89/08/22,"ACTIVE"
"001500","현대차증권보통주","KOSPI","금융 지원 서비스업",90/06/09,"ACTIVE"
"011760","현대코퍼레이션보통주","KOSPI","상품 종합 도매업",77/12/01,"ACTIVE"
"227840","현대코퍼레이션홀딩스보통주","KOSPI","음·식료품 및 담배 도매업",15/10/23,"ACTIVE"
"126560","현대퓨처넷보통주","KOSPI","전기 통신업",10/12/23,"ACTIVE"
"001450","현대해상화재보험보통주","KOSPI","보험업",89/08/25,"ACTIVE"
"057050","현대홈쇼핑보통주","KOSPI","무점포 소매업",10/09/13,"ACTIVE"
"460930","현대힘스","KOSDAQ","선박 및 보트 건조업",24/01/26,"ACTIVE"
"092300","현우산업","KOSDAQ","전자부품 제조업",07/10/24,"ACTIVE"
"308100","형지글로벌","KOSDAQ","섬유, 의복, 신발 및 가죽제품 소매업",19/06/10,"ACTIVE"
"011080","형지아이앤씨","KOSDAQ","봉제의복 제조업",04/07/02,"ACTIVE"
"093240","형지엘리트보통주","KOSPI","봉제의복 제조업",09/09/28,"ACTIVE"
"003010","혜인보통주","KOSPI","기계장비 및 관련 물품 도매업",88/09/20,"ACTIVE"
"111110","호전실업보통주","KOSPI","봉제의복 제조업",17/02/02,"ACTIVE"
"008775","호텔신라1우선주","KOSPI","유통",91/08/09,"ACTIVE"
"008770","호텔신라보통주","KOSPI","기타 상품 전문 소매업",91/03/12,"ACTIVE"
"064240","홈캐스트","KOSDAQ","기타 전문 도매업",03/06/11,"ACTIVE"
"039610","화성밸브","KOSDAQ","일반 목적용 기계 제조업",00/03/16,"ACTIVE"
"378850","화승알앤에이보통주","KOSPI","자동차 신품 부품 제조업",21/03/15,"ACTIVE"
"241590","화승엔터프라이즈보통주","KOSPI","신발 및 신발 부분품 제조업",16/10/04,"ACTIVE"
"006060","화승인더스트리보통주","KOSPI","상품 종합 도매업",91/02/04,"ACTIVE"
"010690","화신보통주","KOSPI","자동차 신품 부품 제조업",94/01/14,"ACTIVE"
"126640","화신정공","KOSDAQ","자동차 신품 부품 제조업",10/08/31,"ACTIVE"
"133820","화인베스틸보통주","KOSPI","1차 철강 제조업",14/07/22,"ACTIVE"
"127980","화인써키트","KOSDAQ","전자부품 제조업",23/02/17,"ACTIVE"
"061250","화일약품","KOSDAQ","의약품 제조업",02/04/18,"ACTIVE"
"000850","화천기공보통주","KOSPI","특수 목적용 기계 제조업",99/11/18,"ACTIVE"
"016580","환인제약보통주","KOSPI","의약품 제조업",96/07/03,"ACTIVE"
"032560","황금에스티보통주","KOSPI","1차 비철금속 제조업",09/10/29,"ACTIVE"
"004800","효성보통주","KOSPI","기타 금융업",73/06/30,"ACTIVE"
"097870","효성오앤비","KOSDAQ","비료, 농약 및 살균, 살충제 제조업",08/04/08,"ACTIVE"
"298020","효성티앤씨보통주","KOSPI","화학섬유 제조업",18/07/13,"ACTIVE"
"298000","효성화학보통주","KOSPI","기초 화학물질 제조업",18/07/13,"ACTIVE"
"093370","후성 보통주","KOSPI","기초 화학물질 제조업",06/12/22,"ACTIVE"
"290270","휴네시온","KOSDAQ","소프트웨어 개발 및 공급업",18/08/02,"ACTIVE"
"005870","휴니드테크놀러지스보통주","KOSPI","통신 및 방송 장비 제조업",91/09/03,"ACTIVE"
"090710","휴림로봇","KOSDAQ","특수 목적용 기계 제조업",06/12/05,"ACTIVE"
"078590","휴림에이텍","KOSDAQ","자동차 신품 부품 제조업",05/10/27,"ACTIVE"
"115160","휴맥스","KOSDAQ","기계장비 및 관련 물품 도매업",09/11/16,"ACTIVE"
"175140","휴먼테크놀로지","KOSDAQ","통신 및 방송 장비 제조업",15/09/23,"ACTIVE"
"200670","휴메딕스","KOSDAQ","의약품 제조업",14/12/26,"ACTIVE"
"079980","휴비스보통주","KOSPI","화학섬유 제조업",12/02/23,"ACTIVE"
"065510","휴비츠","KOSDAQ","의료용 기기 제조업",03/10/31,"ACTIVE"
"005010","휴스틸보통주","KOSPI","1차 철강 제조업",73/06/29,"ACTIVE"
"243070","휴온스","KOSDAQ","의약품 제조업",16/06/03,"ACTIVE"
"084110","휴온스글로벌","KOSDAQ","의약품 제조업",06/12/19,"ACTIVE"
"145020","휴젤","KOSDAQ GLOBAL","기초 의약물질 제조업",15/12/24,"ACTIVE"
"010240","흥국","KOSDAQ","특수 목적용 기계 제조업",09/05/12,"ACTIVE"
"189980","흥국에프엔비","KOSDAQ","비알코올음료 및 얼음 제조업",15/08/07,"ACTIVE"
"000545","흥국화재해상보험1우선주","KOSPI","보험",90/03/20,"ACTIVE"
"000540","흥국화재해상보험보통주","KOSPI","보험업",74/12/05,"ACTIVE"
"003280","흥아해운보통주","KOSPI","해상 운송업",76/06/29,"ACTIVE"
"238490","힘스","KOSDAQ","특수 목적용 기계 제조업",17/07/20,"ACTIVE"
"034310","NICE보통주","KOSPI","회사 본부 및 경영 컨설팅 서비스업",04/02/04,"ACTIVE"
"005090","SGC에너지보통주","KOSPI","전기업",93/01/06,"ACTIVE"
"395400","SK리츠보통주","KOSPI","부동산 임대 및 공급업",21/09/14,"ACTIVE"
"096775","SK이노베이션 1우선주","KOSPI","화학",07/07/25,"ACTIVE"
"003570","SNT다이내믹스보통주","KOSPI","자동차 신품 부품 제조업",76/07/08,"ACTIVE"
"077970","STX엔진보통주","KOSPI","일반 목적용 기계 제조업",04/05/10,"ACTIVE"
"079810","APS이노베이션","KOSDAQ","기타 전기장비 제조업",05/01/26,"ACTIVE"
"024120","KB오토시스","KOSDAQ","자동차 신품 부품 제조업",94/12/07,"ACTIVE"
"043650","국순당","KOSDAQ","알코올음료 제조업",00/08/24,"ACTIVE"
"035080","그래디언트","KOSDAQ","무점포 소매업",99/07/05,"ACTIVE"
"0015G0","그린광학","KOSDAQ","사진장비 및 광학기기 제조업",25/11/17,"ACTIVE"
"900070","글로벌에스엠테크리미티드","KOSDAQ","기타 금융업",09/12/23,"ACTIVE"
"035460","기산텔레콤","KOSDAQ","통신 및 방송 장비 제조업",99/11/18,"ACTIVE"
"247660","나노씨엠에스","KOSDAQ","전자부품 제조업",21/03/09,"ACTIVE"
"293580","나우아이비캐피탈","KOSDAQ","기타 금융업",18/10/04,"ACTIVE"
"205500","넥써쓰","KOSDAQ","소프트웨어 개발 및 공급업",14/11/12,"ACTIVE"
"473980","노머스","KOSDAQ","창작 및 예술관련 서비스업",24/11/12,"ACTIVE"
"106520","노블엠앤비","KOSDAQ","사진장비 및 광학기기 제조업",12/07/13,"ACTIVE"
"234690","녹십자웰빙","KOSDAQ","의약품 제조업",19/10/14,"ACTIVE"
"054050","농업회사법인 엔에이치농우바이오","KOSDAQ","작물 재배업",02/04/02,"ACTIVE"
"123840","뉴온","KOSDAQ","기타 식품 제조업",10/10/05,"ACTIVE"
"270870","뉴트리","KOSDAQ","기타 식품 제조업",18/12/13,"ACTIVE"
"208860","다산디엠씨","KOSDAQ","소프트웨어 개발 및 공급업",16/07/28,"ACTIVE"
"290660","다이나믹솔루션","KOSDAQ","의료용 기기 제조업",18/11/28,"ACTIVE"
"017650","대림제지","KOSDAQ","기타 종이 및 판지 제품 제조업",94/11/07,"ACTIVE"
"065150","대산에프앤비","KOSDAQ","음·식료품 및 담배 도매업",07/07/18,"ACTIVE"
"020180","대신정보통신","KOSDAQ","컴퓨터 프로그래밍, 시스템 통합 및 관리업",95/10/06,"ACTIVE"
"005710","대원산업","KOSDAQ","자동차 신품 부품 제조업",93/06/21,"ACTIVE"
"299170","더블유에스아이","KOSDAQ","생활용품 도매업",18/09/21,"ACTIVE"
"013720","더큐브앤","KOSDAQ","자동차 신품 부품 제조업",93/12/29,"ACTIVE"
"0001A0","덕양에너젠","KOSDAQ","연료용 가스 제조 및 배관공급업",26/01/30,"ACTIVE"
"373160","데이원컴퍼니","KOSDAQ","기타 교육기관",25/01/24,"ACTIVE"
"067990","도이치모터스","KOSDAQ","자동차 판매업",04/12/03,"ACTIVE"
"240550","동방메디컬","KOSDAQ","의료용 기기 제조업",25/02/13,"ACTIVE"
"060380","동양에스텍","KOSDAQ","1차 철강 제조업",02/02/05,"ACTIVE"
"094170","동운아나텍","KOSDAQ","반도체 제조업",15/06/30,"ACTIVE"
"025900","동화기업","KOSDAQ GLOBAL","나무제품 제조업",95/08/07,"ACTIVE"
"203650","드림시큐리티","KOSDAQ","소프트웨어 개발 및 공급업",14/10/13,"ACTIVE"
"197140","디지캡","KOSDAQ","소프트웨어 개발 및 공급업",18/09/07,"ACTIVE"
"263020","디케이앤디","KOSDAQ","플라스틱제품 제조업",18/11/20,"ACTIVE"
"383930","디티앤씨알오","KOSDAQ","자연과학 및 공학 연구개발업",22/11/11,"ACTIVE"
"462510","라메디텍","KOSDAQ","의료용 기기 제조업",24/06/17,"ACTIVE"
"300120","라온피플","KOSDAQ","소프트웨어 개발 및 공급업",19/10/18,"ACTIVE"
"084650","랩지노믹스","KOSDAQ","자연과학 및 공학 연구개발업",14/12/16,"ACTIVE"
"443250","레뷰코퍼레이션","KOSDAQ","광고업",23/10/06,"ACTIVE"
"199550","레이저옵텍","KOSDAQ","의료용 기기 제조업",24/02/01,"ACTIVE"
"090360","로보스타","KOSDAQ","특수 목적용 기계 제조업",11/10/17,"ACTIVE"
"071280","로체시스템즈","KOSDAQ","특수 목적용 기계 제조업",03/11/14,"ACTIVE"
"474170","루미르","KOSDAQ","항공기,우주선 및 부품 제조업",24/10/21,"ACTIVE"
"016100","리더스코스메틱","KOSDAQ","골판지, 종이 상자 및 종이용기 제조업",03/01/15,"ACTIVE"
"394420","리센스메디컬","KOSDAQ","의료용 기기 제조업",26/03/31,"ACTIVE"
"193250","링크드","KOSDAQ","전자부품 제조업",14/12/29,"ACTIVE"
"195500","마니커에프앤지","KOSDAQ","도축, 육류 가공 및 저장 처리업",19/08/20,"ACTIVE"
"169330","마크로밀엠브레인","KOSDAQ","시장조사 및 여론조사업",20/07/01,"ACTIVE"
"001810","무림에스피","KOSDAQ","펄프, 종이 및 판지 제조업",00/01/04,"ACTIVE"
"0097F0","미래에셋비전기업인수목적10호","KOSDAQ","금융 지원 서비스업",25/12/23,"ACTIVE"
"059090","미코","KOSDAQ","반도체 제조업",02/01/15,"ACTIVE"
"452200","민테크","KOSDAQ","측정, 시험, 항해, 제어 및 기타 정밀기기 제조업; 광학기기 제외",24/05/03,"ACTIVE"
"301300","바이브컴퍼니","KOSDAQ","소프트웨어 개발 및 공급업",20/10/28,"ACTIVE"
"251120","바이오에프디엔씨","KOSDAQ","기초 의약물질 제조업",22/02/21,"ACTIVE"
"099430","바이오플러스","KOSDAQ","기초 의약물질 제조업",21/09/27,"ACTIVE"
"323990","박셀바이오","KOSDAQ","자연과학 및 공학 연구개발업",20/09/22,"ACTIVE"
"199480","뱅크웨어글로벌","KOSDAQ","소프트웨어 개발 및 공급업",24/08/12,"ACTIVE"
"478560","블랙야크아이앤씨","KOSDAQ","신발 및 신발 부분품 제조업",25/01/21,"ACTIVE"
"121800","비덴트","KOSDAQ","통신 및 방송 장비 제조업",11/12/01,"ACTIVE"
"146320","비씨엔씨","KOSDAQ","반도체 제조업",22/03/03,"ACTIVE"
"139050","비에프랩스","KOSDAQ","IT 서비스",11/07/29,"ACTIVE"
"488900","비츠로넥스텍","KOSDAQ","항공기,우주선 및 부품 제조업",25/11/21,"ACTIVE"
"050090","비케이홀딩스","KOSDAQ","광고업",04/06/29,"ACTIVE"
"049470","비트플래닛","KOSDAQ","소프트웨어 개발 및 공급업",01/10/11,"ACTIVE"
"451250","삐아","KOSDAQ","기타 화학제품 제조업",24/04/25,"ACTIVE"
"452430","사피엔반도체","KOSDAQ","반도체 제조업",24/02/19,"ACTIVE"
"419050","삼기에너지솔루션즈","KOSDAQ","자동차 신품 부품 제조업",23/02/03,"ACTIVE"
"0044K0","삼성기업인수목적10호","KOSDAQ","금융 지원 서비스업",25/08/21,"ACTIVE"
"038070","서린바이오사이언스","KOSDAQ","기타 전문 도매업",05/10/25,"ACTIVE"
"092190","서울바이오시스","KOSDAQ","반도체 제조업",20/03/06,"ACTIVE"
"036120","서울평가정보","KOSDAQ","기타 정보 서비스업",99/12/07,"ACTIVE"
"122690","서진오토모티브","KOSDAQ","자동차 신품 부품 제조업",10/05/25,"ACTIVE"
"067370","선바이오","KOSDAQ","의약품 제조업",22/10/05,"ACTIVE"
"014620","성광벤드","KOSDAQ","1차 철강 제조업",01/01/11,"ACTIVE"
"081580","성우전자","KOSDAQ","통신 및 방송 장비 제조업",07/10/12,"ACTIVE"
"188260","세니젠","KOSDAQ","그외 기타 제품 제조업",23/11/03,"ACTIVE"
"490470","세미파이브","KOSDAQ","건축기술, 엔지니어링 및 관련 기술 서비스업",25/12/29,"ACTIVE"
"258830","세종메디칼","KOSDAQ","의료용 기기 제조업",18/05/29,"ACTIVE"
"352770","셀레스트라","KOSDAQ","의료용품 및 기타 의약 관련제품 제조업",20/12/04,"ACTIVE"
"208370","셀바스헬스케어","KOSDAQ","의료용 기기 제조업",14/12/17,"ACTIVE"
"049830","승일","KOSDAQ","기타 금속 가공제품 제조업",01/01/18,"ACTIVE"
"056090","시지메드텍","KOSDAQ","의료용 기기 제조업",15/11/12,"ACTIVE"
"290520","신도기연","KOSDAQ","특수 목적용 기계 제조업",20/07/06,"ACTIVE"
"416180","신성에스티","KOSDAQ","자동차 신품 부품 제조업",23/10/19,"ACTIVE"
"226330","신테카바이오","KOSDAQ","소프트웨어 개발 및 공급업",19/12/17,"ACTIVE"
"222800","심텍","KOSDAQ GLOBAL","전자부품 제조업",15/08/07,"ACTIVE"
"234030","싸이닉솔루션","KOSDAQ","반도체 제조업",25/07/07,"ACTIVE"
"222420","쎄노텍","KOSDAQ","기타 비금속 광물제품 제조업",15/08/06,"ACTIVE"
"099320","쎄트렉아이","KOSDAQ","항공기,우주선 및 부품 제조업",08/06/13,"ACTIVE"
"177900","쓰리에이로직스","KOSDAQ","반도체 제조업",24/12/24,"ACTIVE"
"054800","아이디스홀딩스","KOSDAQ","기타 전문 서비스업",01/09/27,"ACTIVE"
"467930","아이비케이에스제23호기업인수목적","KOSDAQ","금융 지원 서비스업",23/12/22,"ACTIVE"
"289010","아이스크림에듀","KOSDAQ","서적, 잡지 및 기타 인쇄물 출판업",19/07/11,"ACTIVE"
"456010","아이씨티케이","KOSDAQ","반도체 제조업",24/05/17,"ACTIVE"
"038880","아이에이","KOSDAQ","전자부품 제조업",00/04/27,"ACTIVE"
"461030","아이엠비디엑스","KOSDAQ","자연과학 및 공학 연구개발업",24/04/03,"ACTIVE"
"090150","아이윈","KOSDAQ","자동차 신품 부품 제조업",06/10/20,"ACTIVE"
"262840","아이퀘스트","KOSDAQ","소프트웨어 개발 및 공급업",21/02/05,"ACTIVE"
"124500","아이티센글로벌","KOSDAQ","컴퓨터 프로그래밍, 시스템 통합 및 관리업",14/12/23,"ACTIVE"
"084850","아이티엠반도체","KOSDAQ GLOBAL","전자부품 제조업",19/11/07,"ACTIVE"
"059120","아진엑스텍","KOSDAQ","반도체 제조업",14/07/24,"ACTIVE"
"102120","어보브반도체","KOSDAQ","반도체 제조업",09/06/05,"ACTIVE"
"270660","에브리봇 주식회사","KOSDAQ","가정용 기기 제조업",21/07/28,"ACTIVE"
"389500","에스비비테크","KOSDAQ","일반 목적용 기계 제조업",22/10/17,"ACTIVE"
"260970","에스앤디","KOSDAQ","기타 식품 제조업",21/09/29,"ACTIVE"
"275630","에스에스알","KOSDAQ","소프트웨어 개발 및 공급업",18/08/06,"ACTIVE"
"056190","에스에프에이","KOSDAQ GLOBAL","특수 목적용 기계 제조업",01/12/18,"ACTIVE"
"063440","에스엠라이프디자인그룹","KOSDAQ","기록매체 복제업",02/05/30,"ACTIVE"
"109610","에스와이","KOSDAQ","구조용 금속제품, 탱크 및 증기발생기 제조업",15/12/29,"ACTIVE"
"040610","에스지엔지","KOSDAQ","자동차 신품 부품 제조업",00/04/27,"ACTIVE"
"473950","에스케이증권제13호기업인수목적","KOSDAQ","금융 지원 서비스업",24/07/25,"ACTIVE"
"039440","에스티아이","KOSDAQ","특수 목적용 기계 제조업",02/02/28,"ACTIVE"
"288620","에스프리즘","KOSDAQ","전동기, 발전기 및 전기 변환 · 공급 · 제어 장치 제조업",18/10/15,"ACTIVE"
"045660","에이텍","KOSDAQ","일반 목적용 기계 제조업",01/05/24,"ACTIVE"
"262260","에이프로","KOSDAQ","기타 전기장비 제조업",20/07/16,"ACTIVE"
"211270","에이피위성","KOSDAQ","통신 및 방송 장비 제조업",16/03/04,"ACTIVE"
"230360","에코마케팅","KOSDAQ","광고업",16/08/08,"ACTIVE"
"448280","에코아이","KOSDAQ","기타 전문 서비스업",23/11/21,"ACTIVE"
"247540","에코프로비엠","KOSDAQ GLOBAL","일차전지 및 이차전지 제조업",19/03/05,"ACTIVE"
"214270","에프에스엔","KOSDAQ","소프트웨어 개발 및 공급업",15/03/25,"ACTIVE"
"317530","에피소드컴퍼니","KOSDAQ","영화, 비디오물, 방송프로그램 제작 및 배급업",19/10/29,"ACTIVE"
"070300","엑스큐어","KOSDAQ","소프트웨어 개발 및 공급업",10/06/09,"ACTIVE"
"317870","엔바이오니아","KOSDAQ","그외 기타 제품 제조업",19/10/24,"ACTIVE"
"333620","엔시스","KOSDAQ","기타 전기장비 제조업",21/04/01,"ACTIVE"
"347890","엠엑스온","KOSDAQ","측정, 시험, 항해, 제어 및 기타 정밀기기 제조업; 광학기기 제외",20/07/29,"ACTIVE"
"259630","엠플러스","KOSDAQ","특수 목적용 기계 제조업",17/09/20,"ACTIVE"
"265560","영화테크","KOSDAQ","자동차 신품 부품 제조업",17/10/26,"ACTIVE"
"039830","오로라월드","KOSDAQ","전문디자인업",01/01/03,"ACTIVE"
"065500","오리엔트정공","KOSDAQ","자동차 신품 부품 제조업",02/09/19,"ACTIVE"
"053980","오상자이엘","KOSDAQ","소프트웨어 개발 및 공급업",02/04/09,"ACTIVE"
"031510","오스템","KOSDAQ","자동차 신품 부품 제조업",97/02/12,"ACTIVE"
"080580","오킨스전자","KOSDAQ","전자부품 제조업",14/12/24,"ACTIVE"
"226950","올릭스","KOSDAQ","자연과학 및 공학 연구개발업",18/07/18,"ACTIVE"
"082210","옵트론텍","KOSDAQ","사진장비 및 광학기기 제조업",05/06/24,"ACTIVE"
"432430","와이랩","KOSDAQ","영화, 비디오물, 방송프로그램 제작 및 배급업",23/07/20,"ACTIVE"
"008290","원풍물산","KOSDAQ","봉제의복 제조업",97/07/18,"ACTIVE"
"053580","웹케시","KOSDAQ","소프트웨어 개발 및 공급업",19/01/25,"ACTIVE"
"348350","위드텍","KOSDAQ","측정, 시험, 항해, 제어 및 기타 정밀기기 제조업; 광학기기 제외",20/10/30,"ACTIVE"
"065370","위세아이텍","KOSDAQ","소프트웨어 개발 및 공급업",20/02/10,"ACTIVE"
"459100","위츠","KOSDAQ","전자부품 제조업",24/11/20,"ACTIVE"
"900340","윙입푸드홀딩스","KOSDAQ","기타 금융업",18/11/30,"ACTIVE"
"142210","유니트론텍","KOSDAQ","자동차 부품 및 내장품 판매업",16/02/02,"ACTIVE"
"089850","유비벨록스","KOSDAQ","소프트웨어 개발 및 공급업",10/06/18,"ACTIVE"
"024800","유성티엔에스","KOSDAQ","육상 여객 운송업",99/12/10,"ACTIVE"
"063760","이엘피","KOSDAQ","측정, 시험, 항해, 제어 및 기타 정밀기기 제조업; 광학기기 제외",17/04/06,"ACTIVE"
"088290","이원컴포텍","KOSDAQ","자동차 신품 부품 제조업",09/12/01,"ACTIVE"
"377330","이지트로닉스","KOSDAQ","전동기, 발전기 및 전기 변환 · 공급 · 제어 장치 제조업",22/02/04,"ACTIVE"
"041830","인바디","KOSDAQ","의료용 기기 제조업",00/12/14,"ACTIVE"
"033230","인성정보","KOSDAQ","컴퓨터 프로그래밍, 시스템 통합 및 관리업",99/07/30,"ACTIVE"
"100030","인지소프트","KOSDAQ","소프트웨어 개발 및 공급업",10/05/25,"ACTIVE"
"119610","인터로조","KOSDAQ","의료용 기기 제조업",10/07/28,"ACTIVE"
"115310","인포바인","KOSDAQ","전기 통신업",10/02/09,"ACTIVE"
"101930","인화정공","KOSDAQ","선박 및 보트 건조업",10/10/22,"ACTIVE"
"452160","제이엔비","KOSDAQ","특수 목적용 기계 제조업",23/11/24,"ACTIVE"
"418550","제이오","KOSDAQ","건축기술, 엔지니어링 및 관련 기술 서비스업",23/02/16,"ACTIVE"
"089790","제이티","KOSDAQ","특수 목적용 기계 제조업",06/10/27,"ACTIVE"
"199820","제일일렉트릭","KOSDAQ","전동기, 발전기 및 전기 변환 · 공급 · 제어 장치 제조업",20/11/26,"ACTIVE"
"082270","젬백스&카엘","KOSDAQ","특수 목적용 기계 제조업",05/06/24,"ACTIVE"
"036930","주성엔지니어링","KOSDAQ GLOBAL","특수 목적용 기계 제조업",99/12/24,"ACTIVE"
"348080","주식회사 큐라티스","KOSDAQ","자연과학 및 공학 연구개발업",23/06/15,"ACTIVE"
"389030","지니너스","KOSDAQ","자연과학 및 공학 연구개발업",21/11/08,"ACTIVE"
"446840","지슨","KOSDAQ","측정, 시험, 항해, 제어 및 기타 정밀기기 제조업; 광학기기 제외",23/05/17,"ACTIVE"
"306620","지아이에스","KOSDAQ","특수 목적용 기계 제조업",18/10/31,"ACTIVE"
"382800","지앤비에스 에코","KOSDAQ","특수 목적용 기계 제조업",21/10/29,"ACTIVE"
"493330","지에프아이","KOSDAQ","일반 목적용 기계 제조업",26/01/14,"ACTIVE"
"050110","캠시스","KOSDAQ","전자부품 제조업",01/05/17,"ACTIVE"
"063080","컴투스홀딩스","KOSDAQ","소프트웨어 개발 및 공급업",09/07/30,"ACTIVE"
"038530","케이바이오랩스","KOSDAQ","생활용품 도매업",00/06/09,"ACTIVE"
"318000","케이비지","KOSDAQ","합성고무 및 플라스틱 물질 제조업",19/08/01,"ACTIVE"
"115500","케이씨에스","KOSDAQ","컴퓨터 프로그래밍, 시스템 통합 및 관리업",10/04/14,"ACTIVE"
"093640","케이알엠","KOSDAQ","반도체 제조업",07/10/19,"ACTIVE"
"122450","케이엑스이노베이션","KOSDAQ","텔레비전 방송업",11/05/25,"ACTIVE"
"199430","케이엔알시스템","KOSDAQ","측정, 시험, 항해, 제어 및 기타 정밀기기 제조업; 광학기기 제외",24/03/07,"ACTIVE"
"032500","케이엠더블유","KOSDAQ","통신 및 방송 장비 제조업",00/03/21,"ACTIVE"
"036560","케이젯정밀","KOSDAQ","일반 목적용 기계 제조업",99/12/28,"ACTIVE"
"035600","케이지이니시스","KOSDAQ","소프트웨어 개발 및 공급업",02/11/22,"ACTIVE"
"064820","케이프","KOSDAQ","선박 및 보트 건조업",07/05/29,"ACTIVE"
"448710","코츠테크놀로지","KOSDAQ","컴퓨터 및 주변장치 제조업",23/08/10,"ACTIVE"
"322780","코퍼스코리아","KOSDAQ","영화, 비디오물, 방송프로그램 제작 및 배급업",19/05/31,"ACTIVE"
"432720","퀄리타스반도체","KOSDAQ","반도체 제조업",23/10/27,"ACTIVE"
"115180","큐리언트","KOSDAQ","자연과학 및 공학 연구개발업",16/02/29,"ACTIVE"
"182360","큐브엔터테인먼트","KOSDAQ","오디오물 출판 및 원판 녹음업",13/11/21,"ACTIVE"
"355390","크라우드웍스","KOSDAQ","소프트웨어 개발 및 공급업",23/08/31,"ACTIVE"
"045520","크린앤사이언스","KOSDAQ","일반 목적용 기계 제조업",00/12/05,"ACTIVE"
"475430","키스트론","KOSDAQ","절연선 및 케이블 제조업",25/06/02,"ACTIVE"
"256940","킵스바이오파마","KOSDAQ","의약품 제조업",17/09/06,"ACTIVE"
"065130","탑엔지니어링","KOSDAQ","특수 목적용 기계 제조업",03/01/29,"ACTIVE"
"241790","티이엠씨씨엔에스","KOSDAQ","특수 목적용 기계 제조업",16/12/01,"ACTIVE"
"033540","파라텍","KOSDAQ","특수 목적용 기계 제조업",97/12/26,"ACTIVE"
"214450","파마리서치","KOSDAQ GLOBAL","의료용품 및 기타 의약 관련제품 제조업",15/07/24,"ACTIVE"
"170790","파이오링크","KOSDAQ","통신 및 방송 장비 제조업",13/08/01,"ACTIVE"
"441270","파인엠텍","KOSDAQ","전자부품 제조업",22/10/07,"ACTIVE"
"027710","팜스토리","KOSDAQ","동물용 사료 및 조제식품 제조업",96/07/06,"ACTIVE"
"271830","팸텍","KOSDAQ","특수 목적용 기계 제조업",23/05/23,"ACTIVE"
"187660","페니트리움바이오","KOSDAQ","자연과학 및 공학 연구개발업",21/06/03,"ACTIVE"
"105760","포스뱅크","KOSDAQ","일반 목적용 기계 제조업",24/01/29,"ACTIVE"
"331380","포커스에이아이","KOSDAQ","영상 및 음향기기 제조업",19/10/02,"ACTIVE"
"041910","폴라리스에이아이파마","KOSDAQ","의약품 제조업",04/02/06,"ACTIVE"
"332570","피에스일렉트로닉스","KOSDAQ","전자부품 제조업",20/07/31,"ACTIVE"
"147760","피엠티","KOSDAQ","측정, 시험, 항해, 제어 및 기타 정밀기기 제조업; 광학기기 제외",16/12/12,"ACTIVE"
"161580","필옵틱스","KOSDAQ","특수 목적용 기계 제조업",17/06/01,"ACTIVE"
"469880","하나30호기업인수목적","KOSDAQ","금융 지원 서비스업",23/12/22,"ACTIVE"
"067310","하나마이크론","KOSDAQ","반도체 제조업",05/10/11,"ACTIVE"
"126700","하이비젼시스템","KOSDAQ","사진장비 및 광학기기 제조업",10/09/10,"ACTIVE"
"066130","하츠","KOSDAQ","가정용 기기 제조업",03/02/11,"ACTIVE"
"222980","한국맥널티","KOSDAQ","기타 식품 제조업",15/12/23,"ACTIVE"
"041460","한국전자인증","KOSDAQ","소프트웨어 개발 및 공급업",10/11/19,"ACTIVE"
"464440","한국제13호기업인수목적","KOSDAQ","금융 지원 서비스업",23/11/13,"ACTIVE"
"023760","한국캐피탈","KOSDAQ","기타 금융업",94/11/07,"ACTIVE"
"092460","한라아이엠에스","KOSDAQ","선박 및 보트 건조업",07/05/22,"ACTIVE"
"066980","한성크린텍","KOSDAQ","건축기술, 엔지니어링 및 관련 기술 서비스업",03/01/17,"ACTIVE"
"276730","한울앤제주","KOSDAQ","알코올음료 제조업",21/05/26,"ACTIVE"
"058450","한주에이알티","KOSDAQ","영화, 비디오물, 방송프로그램 제작 및 배급업",02/01/17,"ACTIVE"
"002680","한탑","KOSDAQ","곡물가공품, 전분 및 전분제품 제조업",95/07/07,"ACTIVE"
"084990","헬릭스미스","KOSDAQ","자연과학 및 공학 연구개발업",05/12/29,"ACTIVE"
"016790","현대사료","KOSDAQ","동물용 사료 및 조제식품 제조업",18/06/01,"ACTIVE"
"095570","AJ네트웍스보통주","KOSPI","산업용 기계 및 장비 임대업",15/08/21,"ACTIVE"
"012030","DB Inc.보통주","KOSPI","컴퓨터 프로그래밍, 시스템 통합 및 관리업",93/01/06,"ACTIVE"
"375500","DL이앤씨보통주","KOSPI","토목 건설업",21/01/25,"ACTIVE"
"017860","DS단석보통주","KOSPI","기타 화학제품 제조업",23/12/22,"ACTIVE"
"007700","F&F홀딩스","KOSPI","기타 금융업",84/10/04,"ACTIVE"
"097230","HJ중공업보통주","KOSPI","토목 건설업",07/08/31,"ACTIVE"
"015360","INVENI보통주","KOSPI","회사 본부 및 경영 컨설팅 서비스업",96/12/24,"ACTIVE"
"003620","KG모빌리티보통주","KOSPI","자동차용 엔진 및 자동차 제조업",75/05/29,"ACTIVE"
"001940","KISCO홀딩스보통주","KOSPI","1차 철강 제조업",89/11/13,"ACTIVE"
"093050","LF보통주","KOSPI","봉제의복 제조업",06/12/01,"ACTIVE"
"373220","LG에너지솔루션보통주","KOSPI","일차전지 및 이차전지 제조업",22/01/27,"ACTIVE"
"079550","LIG디펜스앤에어로스페이스보통주","KOSPI","무기 및 총포탄 제조업",15/10/02,"ACTIVE"
"000680","LS네트웍스보통주","KOSPI","상품 종합 도매업",73/11/15,"ACTIVE"
"035420","NAVER보통주","KOSPI","자료처리, 호스팅, 포털 및 기타 인터넷 정보매개 서비스업",08/11/28,"ACTIVE"
"004250","NPC보통주","KOSPI","플라스틱제품 제조업",69/09/08,"ACTIVE"
"001380","SG글로벌보통주","KOSPI","자동차 신품 부품 제조업",76/06/29,"ACTIVE"
"123700","SJM보통주","KOSPI","자동차 신품 부품 제조업",10/05/31,"ACTIVE"
"210980","SK디앤디보통주","KOSPI","부동산 임대 및 공급업",15/06/23,"ACTIVE"
"260870","SK시그넷","KONEX","전동기, 발전기 및 전기 변환 · 공급 · 제어 장치 제조업",17/08/30,"ACTIVE"
"285130","SK케미칼보통주","KOSPI","합성고무 및 플라스틱 물질 제조업",18/01/05,"ACTIVE"
"011810","STX보통주","KOSPI","상품 종합 도매업",90/09/12,"ACTIVE"
"048770","TPC로보틱스","KOSDAQ","일반 목적용 기계 제조업",01/01/16,"ACTIVE"
"078890","가온그룹","KOSDAQ","통신 및 방송 장비 제조업",05/07/12,"ACTIVE"
"000860","강남제비스코보통주","KOSPI","기타 화학제품 제조업",75/11/12,"ACTIVE"
"217730","강스템바이오텍","KOSDAQ","기초 의약물질 제조업",15/12/21,"ACTIVE"
"094480","갤럭시아머니트리","KOSDAQ","소프트웨어 개발 및 공급업",07/07/20,"ACTIVE"
"009450","경동나비엔보통주","KOSPI","가정용 기기 제조업",93/08/31,"ACTIVE"
"214390","경보제약보통주","KOSPI","기초 의약물질 제조업",15/06/29,"ACTIVE"
"012200","계양전기보통주","KOSPI","일반 목적용 기계 제조업",88/07/06,"ACTIVE"
"010130","고려아연보통주","KOSPI","1차 비철금속 제조업",90/07/28,"ACTIVE"
"950190","고스트스튜디오","KOSDAQ","소프트웨어 개발 및 공급업",20/08/18,"ACTIVE"
"215000","골프존","KOSDAQ GLOBAL","소프트웨어 개발 및 공급업",15/04/03,"ACTIVE"
"017040","광명전기보통주","KOSPI","전동기, 발전기 및 전기 변환 · 공급 · 제어 장치 제조업",90/09/14,"ACTIVE"
"482520","교보16호기업인수목적","KOSDAQ","금융 지원 서비스업",24/08/13,"ACTIVE"
"0132G0","교보20호기업인수목적","KOSDAQ","기타 금융업",26/04/02,"ACTIVE"
"007690","국도화학보통주","KOSPI","기초 화학물질 제조업",89/08/05,"ACTIVE"
"006050","국영지앤엠","KOSDAQ","유리 및 유리제품 제조업",94/10/07,"ACTIVE"
"002720","국제약품보통주","KOSPI","의약품 제조업",75/12/27,"ACTIVE"
"114090","그랜드코리아레저보통주","KOSPI","유원지 및 기타 오락관련 서비스업",09/11/19,"ACTIVE"
"083420","그린케미칼보통주","KOSPI","기타 화학제품 제조업",05/10/20,"ACTIVE"
"083450","글로벌스탠다드테크놀로지","KOSDAQ","특수 목적용 기계 제조업",06/02/01,"ACTIVE"
"282720","금양그린파워","KOSDAQ","전기 및 통신 공사업",23/03/13,"ACTIVE"
"011780","금호석유화학보통주","KOSPI","기초 화학물질 제조업",88/01/22,"ACTIVE"
"049080","기가레인","KOSDAQ","전자부품 제조업",13/12/19,"ACTIVE"
"000270","기아보통주","KOSPI","자동차용 엔진 및 자동차 제조업",73/07/21,"ACTIVE"
"121600","나노신소재","KOSDAQ","기타 화학제품 제조업",11/02/09,"ACTIVE"
"417010","나노팀","KOSDAQ","일반 목적용 기계 제조업",23/03/03,"ACTIVE"
"051490","나라엠앤디","KOSDAQ","특수 목적용 기계 제조업",01/06/12,"ACTIVE"
"459510","나우로보틱스","KOSDAQ","특수 목적용 기계 제조업",25/05/08,"ACTIVE"
"138610","나이벡","KOSDAQ","의료용품 및 기타 의약 관련제품 제조업",11/07/13,"ACTIVE"
"008350","남선알미늄보통주","KOSPI","1차 비철금속 제조업",78/05/22,"ACTIVE"
"025860","남해화학보통주","KOSPI","비료, 농약 및 살균, 살충제 제조업",95/11/10,"ACTIVE"
"212560","네오오토","KOSDAQ","자동차 신품 부품 제조업",15/11/18,"ACTIVE"
"950220","네오이뮨텍","KOSDAQ","자연과학 및 공학 연구개발업",21/03/16,"ACTIVE"
"007390","네이처셀","KOSDAQ","기초 의약물질 제조업",92/11/30,"ACTIVE"
"351320","넥사다이내믹스","KOSDAQ","특수 목적용 기계 제조업",20/06/22,"ACTIVE"
"137940","넥스트아이","KOSDAQ","측정, 시험, 항해, 제어 및 기타 정밀기기 제조업; 광학기기 제외",11/06/14,"ACTIVE"
"348210","넥스틴","KOSDAQ GLOBAL","특수 목적용 기계 제조업",20/10/08,"ACTIVE"
"251270","넷마블보통주","KOSPI","소프트웨어 개발 및 공급업",17/05/12,"ACTIVE"
"090350","노루페인트 보통주","KOSPI","기타 화학제품 제조업",06/07/03,"ACTIVE"
"229500","노브메타파마","KONEX","자연과학 및 공학 연구개발업",15/10/28,"ACTIVE"
"142280","녹십자엠에스","KOSDAQ","의료용품 및 기타 의약 관련제품 제조업",14/12/17,"ACTIVE"
"069140","누리플랜","KOSDAQ","구조용 금속제품, 탱크 및 증기발생기 제조업",10/10/26,"ACTIVE"
"332290","누보","KOSDAQ","비료, 농약 및 살균, 살충제 제조업",19/10/11,"ACTIVE"
"463020","뉴엔에이아이","KOSDAQ","소프트웨어 개발 및 공급업",25/07/04,"ACTIVE"
"340360","다보링크","KOSDAQ","통신 및 방송 장비 제조업",19/12/19,"ACTIVE"
"058730","다스코보통주","KOSPI","구조용 금속제품, 탱크 및 증기발생기 제조업",04/08/02,"ACTIVE"
"023590","다우기술보통주","KOSPI","자료처리, 호스팅, 포털 및 기타 인터넷 정보매개 서비스업",97/08/27,"ACTIVE"
"145210","다이나믹디자인보통주","KOSPI","특수 목적용 기계 제조업",15/03/19,"ACTIVE"
"019680","대교보통주","KOSPI","초등 교육기관",04/02/03,"ACTIVE"
"020400","대동금속","KOSDAQ","금속 주조업",93/07/30,"ACTIVE"
"048470","대동스틸","KOSDAQ","기타 전문 도매업",02/01/10,"ACTIVE"
"005750","대림바스보통주","KOSPI","내화, 비내화 요업제품 제조업",92/12/23,"ACTIVE"
"078140","대봉엘에스","KOSDAQ","의약품 제조업",05/12/23,"ACTIVE"
"117580","대성에너지보통주","KOSPI","연료용 가스 제조 및 배관공급업",10/12/24,"ACTIVE"
"471050","대신밸런스제17호기업인수목적","KOSDAQ","금융 지원 서비스업",24/01/24,"ACTIVE"
"009190","대양금속보통주","KOSPI","1차 철강 제조업",94/04/29,"ACTIVE"
"003090","대웅보통주","KOSPI","의약품 제조업",73/06/26,"ACTIVE"
"048910","대원미디어","KOSDAQ","기타 전문 도매업",01/07/31,"ACTIVE"
"006340","대원전선보통주","KOSPI","절연선 및 케이블 제조업",88/05/04,"ACTIVE"
"003310","대주산업","KOSDAQ","동물용 사료 및 조제식품 제조업",92/08/01,"ACTIVE"
"012800","대창보통주","KOSPI","1차 비철금속 제조업",89/12/05,"ACTIVE"
"096350","대창솔루션","KOSDAQ","구조용 금속제품, 탱크 및 증기발생기 제조업",07/12/17,"ACTIVE"
"001070","대한방직보통주","KOSPI","직물직조 및 직물제품 제조업",73/12/28,"ACTIVE"
"001790","대한제당보통주","KOSPI","곡물가공품, 전분 및 전분제품 제조업",68/12/27,"ACTIVE"
"016090","대현보통주","KOSPI","봉제의복 제조업",90/09/20,"ACTIVE"
"043090","더 테크놀로지","KOSDAQ","기타 전문 도매업",01/10/11,"ACTIVE"
"192080","더블유게임즈보통주","KOSPI","소프트웨어 개발 및 공급업",19/03/12,"ACTIVE"
"012510","더존비즈온보통주","KOSPI","컴퓨터 프로그래밍, 시스템 통합 및 관리업",88/10/28,"ACTIVE"
"403850","더핑크퐁컴퍼니","KOSDAQ","영화, 비디오물, 방송프로그램 제작 및 배급업",25/11/18,"ACTIVE"
"090410","덕신이피씨","KOSDAQ","구조용 금속제품, 탱크 및 증기발생기 제조업",14/08/01,"ACTIVE"
"263800","데이타솔루션","KOSDAQ","기계장비 및 관련 물품 도매업",17/08/03,"ACTIVE"
"206560","덱스터스튜디오","KOSDAQ","영화, 비디오물, 방송프로그램 제작 및 배급업",15/12/22,"ACTIVE"
"002150","도화엔지니어링보통주","KOSPI","건축기술, 엔지니어링 및 관련 기술 서비스업",10/08/12,"ACTIVE"
"100130","동국에스엔씨","KOSDAQ","구조용 금속제품, 탱크 및 증기발생기 제조업",09/08/31,"ACTIVE"
"007590","동방아그로보통주","KOSPI","비료, 농약 및 살균, 살충제 제조업",77/06/29,"ACTIVE"
"102260","동성케미컬보통주","KOSPI","합성고무 및 플라스틱 물질 제조업",08/06/23,"ACTIVE"
"028100","동아지질보통주","KOSPI","기반조성 및 시설물 축조관련 전문공사업",09/06/12,"ACTIVE"
"001520","동양보통주","KOSPI","시멘트, 석회, 플라스터 및 그 제품 제조업",76/06/25,"ACTIVE"
"228340","동양파일","KOSDAQ","시멘트, 석회, 플라스터 및 그 제품 제조업",16/04/06,"ACTIVE"
"111380","동인기연보통주","KOSPI","가죽, 가방 및 유사제품 제조업",23/11/21,"ACTIVE"
"002690","동일제강보통주","KOSPI","1차 철강 제조업",15/09/24,"ACTIVE"
"241560","두산밥캣보통주","KOSPI","특수 목적용 기계 제조업",16/11/18,"ACTIVE"
"131970","두산테스나","KOSDAQ GLOBAL","그외 기타 전문, 과학 및 기술 서비스업",13/10/22,"ACTIVE"
"030350","드래곤플라이","KOSDAQ","소프트웨어 개발 및 공급업",97/11/10,"ACTIVE"
"016670","디모아","KOSDAQ","기타 전문 도매업",93/04/21,"ACTIVE"
"0004Y0","디비금융제14호기업인수목적","KOSDAQ","기타 금융업",25/07/22,"ACTIVE"
"003160","디아이보통주","KOSPI","측정, 시험, 항해, 제어 및 기타 정밀기기 제조업; 광학기기 제외",96/07/31,"ACTIVE"
"263720","디앤씨미디어","KOSDAQ","서적, 잡지 및 기타 인쇄물 출판업",17/08/01,"ACTIVE"
"109740","디에스케이","KOSDAQ","특수 목적용 기계 제조업",09/09/23,"ACTIVE"
"196490","디에이테크놀로지","KOSDAQ","특수 목적용 기계 제조업",14/11/19,"ACTIVE"
"007340","디엔오토모티브보통주","KOSPI","일차전지 및 이차전지 제조업",88/09/24,"ACTIVE"
"210540","디와이파워보통주","KOSPI","특수 목적용 기계 제조업",15/01/15,"ACTIVE"
"043360","디지아이","KOSDAQ","컴퓨터 및 주변장치 제조업",01/07/20,"ACTIVE"
"033130","디지틀조선일보","KOSDAQ","자료처리, 호스팅, 포털 및 기타 인터넷 정보매개 서비스업",97/08/06,"ACTIVE"
"131180","딜리","KOSDAQ","컴퓨터 및 주변장치 제조업",11/01/31,"ACTIVE"
"042510","라온시큐어","KOSDAQ","소프트웨어 개발 및 공급업",01/01/03,"ACTIVE"
"214260","라파스","KOSDAQ","기타 화학제품 제조업",19/11/11,"ACTIVE"
"171010","램테크놀러지","KOSDAQ","기초 화학물질 제조업",13/11/18,"ACTIVE"
"266170","레드우즈","KONEX","영화, 비디오물, 방송프로그램 제작 및 배급업",17/06/09,"ACTIVE"
"412350","레이저쎌","KOSDAQ","특수 목적용 기계 제조업",22/06/24,"ACTIVE"
"108490","로보티즈","KOSDAQ","특수 목적용 기계 제조업",18/10/26,"ACTIVE"
"033290","로젠","KOSDAQ","섬유, 의복, 신발 및 가죽제품 소매업",97/10/13,"ACTIVE"
"376900","로킷헬스케어","KOSDAQ","의료용품 및 기타 의약 관련제품 제조업",25/05/12,"ACTIVE"
"330590","롯데리츠보통주","KOSPI","부동산 임대 및 공급업",19/10/30,"ACTIVE"
"286940","롯데이노베이트보통주","KOSPI","컴퓨터 프로그래밍, 시스템 통합 및 관리업",18/07/27,"ACTIVE"
"071840","롯데하이마트보통주","KOSPI","가전제품 및 정보통신장비 소매업",11/06/29,"ACTIVE"
"141080","리가켐 바이오사이언스","KOSDAQ GLOBAL","자연과학 및 공학 연구개발업",13/05/10,"ACTIVE"
"277070","린드먼아시아인베스트먼트","KOSDAQ","신탁업 및 집합투자업",18/03/14,"ACTIVE"
"219420","링크제니시스","KOSDAQ","소프트웨어 개발 및 공급업",18/02/05,"ACTIVE"
"377480","마음에이아이","KOSDAQ","소프트웨어 개발 및 공급업",21/11/23,"ACTIVE"
"038290","마크로젠","KOSDAQ","그외 기타 전문, 과학 및 기술 서비스업",00/02/22,"ACTIVE"
"005990","매일홀딩스","KOSDAQ","동·식물성 유지 및 낙농제품 제조업",99/05/14,"ACTIVE"
"093520","매커스","KOSDAQ","기계장비 및 관련 물품 도매업",07/02/12,"ACTIVE"
"100590","머큐리","KOSDAQ","통신 및 방송 장비 제조업",18/12/14,"ACTIVE"
"446540","메가터치","KOSDAQ","일차전지 및 이차전지 제조업",23/11/09,"ACTIVE"
"233250","메디안디노스틱","KONEX","의료용품 및 기타 의약 관련제품 제조업",17/06/26,"ACTIVE"
"054180","메디콕스","KOSDAQ","선박 및 보트 건조업",01/10/16,"ACTIVE"
"0088D0","메리츠제1호기업인수목적","KOSDAQ","금융 지원 서비스업",25/12/15,"ACTIVE"
"059210","메타바이오메드","KOSDAQ","의료용품 및 기타 의약 관련제품 제조업",08/04/15,"ACTIVE"
"072770","멤레이비티","KOSDAQ","컴퓨터 프로그래밍, 시스템 통합 및 관리업",07/07/25,"ACTIVE"
"005360","모나미보통주","KOSPI","생활용품 도매업",74/06/26,"ACTIVE"
"434480","모니터랩","KOSDAQ","소프트웨어 개발 및 공급업",23/05/19,"ACTIVE"
"080160","모두투어네트워크","KOSDAQ","여행사 및 기타 여행보조 서비스업",05/07/26,"ACTIVE"
"348030","모비릭스","KOSDAQ","소프트웨어 개발 및 공급업",21/01/28,"ACTIVE"
"142760","모아라이프플러스","KOSDAQ","자연과학 및 공학 연구개발업",16/07/07,"ACTIVE"
"006920","모헨즈","KOSDAQ","시멘트, 석회, 플라스터 및 그 제품 제조업",89/01/05,"ACTIVE"
"322970","무진메디","KONEX","자연과학 및 공학 연구개발업",20/06/24,"ACTIVE"
"095500","미래나노텍","KOSDAQ","플라스틱제품 제조업",07/10/01,"ACTIVE"
"025560","미래산업보통주","KOSPI","측정, 시험, 항해, 제어 및 기타 정밀기기 제조업; 광학기기 제외",96/11/22,"ACTIVE"
"357250","미래에셋맵스리츠보통주","KOSPI","부동산 임대 및 공급업",20/08/05,"ACTIVE"
"477470","미래에셋비전기업인수목적5호","KOSDAQ","금융 지원 서비스업",24/06/19,"ACTIVE"
"006800","미래에셋증권보통주","KOSPI","금융 지원 서비스업",75/09/30,"ACTIVE"
"081660","미스토홀딩스보통주","KOSPI","생활용품 도매업",10/09/28,"ACTIVE"
"134380","미원화학보통주","KOSPI","기타 화학제품 제조업",11/02/15,"ACTIVE"
"201490","미투온","KOSDAQ","소프트웨어 개발 및 공급업",16/10/10,"ACTIVE"
"018700","바른손","KOSDAQ","생활용품 도매업",94/03/18,"ACTIVE"
"035620","바른손이앤에이","KOSDAQ","영화, 비디오물, 방송프로그램 제작 및 배급업",99/08/13,"ACTIVE"
"064550","바이오니아","KOSDAQ","의료용품 및 기타 의약 관련제품 제조업",05/12/29,"ACTIVE"
"199730","바이오인프라","KOSDAQ","자연과학 및 공학 연구개발업",23/03/02,"ACTIVE"
"086040","바이오톡스텍","KOSDAQ","자연과학 및 공학 연구개발업",07/09/21,"ACTIVE"
"308080","바이젠셀","KOSDAQ","자연과학 및 공학 연구개발업",21/08/25,"ACTIVE"
"046310","백금티앤에이","KOSDAQ","통신 및 방송 장비 제조업",02/02/05,"ACTIVE"
"066410","버킷스튜디오","KOSDAQ","전기 통신업",03/12/19,"ACTIVE"
"382900","범한퓨얼셀","KOSDAQ","전동기, 발전기 및 전기 변환 · 공급 · 제어 장치 제조업",22/06/17,"ACTIVE"
"457600","벡트","KOSDAQ","영상 및 음향기기 제조업",24/12/16,"ACTIVE"
"007210","벽산보통주","KOSPI","기타 비금속 광물제품 제조업",72/01/04,"ACTIVE"
"003850","보령보통주","KOSPI","의약품 제조업",88/10/24,"ACTIVE"
"006910","보성파워텍","KOSDAQ","구조용 금속제품, 탱크 및 증기발생기 제조업",94/09/07,"ACTIVE"
"496320","본시스템즈","KONEX","특수 목적용 기계 제조업",25/09/08,"ACTIVE"
"008470","부-스타","KOSDAQ","구조용 금속제품, 탱크 및 증기발생기 제조업",11/02/23,"ACTIVE"
"011390","부산산업보통주","KOSPI","시멘트, 석회, 플라스터 및 그 제품 제조업",90/09/14,"ACTIVE"
"406820","뷰티스킨","KOSDAQ","기타 화학제품 제조업",23/07/24,"ACTIVE"
"365900","브이씨","KOSDAQ","운동 및 경기용구 제조업",22/02/24,"ACTIVE"
"018290","브이티","KOSDAQ","기타 화학제품 제조업",94/09/07,"ACTIVE"
"033560","블루콤","KOSDAQ","영상 및 음향기기 제조업",11/01/26,"ACTIVE"
"126340","비나텍","KOSDAQ","일차전지 및 이차전지 제조업",20/09/23,"ACTIVE"
"100220","비상교육 보통주","KOSPI","서적, 잡지 및 기타 인쇄물 출판업",08/06/30,"ACTIVE"
"090460","비에이치보통주","KOSPI","전자부품 제조업",23/06/20,"ACTIVE"
"065170","비엘팜텍","KOSDAQ","음·식료품 및 담배 도매업",02/11/19,"ACTIVE"
"126600","비지에프에코머티리얼즈","KOSDAQ","합성고무 및 플라스틱 물질 제조업",10/11/12,"ACTIVE"
"042370","비츠로테크","KOSDAQ","기타 금융업",00/08/03,"ACTIVE"
"377030","비트맥스","KOSDAQ","소프트웨어 개발 및 공급업",21/07/27,"ACTIVE"
"044480","빌리언스","KOSDAQ","창작 및 예술관련 서비스업",01/01/11,"ACTIVE"
"072950","빛샘전자","KOSDAQ","전자부품 제조업",12/03/21,"ACTIVE"
"143240","사람인","KOSDAQ","자료처리, 호스팅, 포털 및 기타 인터넷 정보매개 서비스업",12/02/21,"ACTIVE"
"014710","사조씨푸드보통주","KOSPI","수산물 가공 및 저장 처리업",12/06/29,"ACTIVE"
"062040","산일전기보통주","KOSPI","전동기, 발전기 및 전기 변환 · 공급 · 제어 장치 제조업",24/07/29,"ACTIVE"
"018310","삼목에스폼","KOSDAQ","구조용 금속제품, 탱크 및 증기발생기 제조업",96/05/03,"ACTIVE"
"009620","삼보산업","KOSDAQ","1차 비철금속 제조업",93/12/07,"ACTIVE"
"028050","삼성E&A보통주","KOSPI","건축기술, 엔지니어링 및 관련 기술 서비스업",96/12/24,"ACTIVE"
"0096B0","삼성기업인수목적12호","KOSDAQ","기타 금융업",25/11/28,"ACTIVE"
"032830","삼성생명보험보통주","KOSPI","보험업",10/05/12,"ACTIVE"
"005930","삼성전자보통주","KOSPI","통신 및 방송 장비 제조업",75/06/11,"ACTIVE"
"068290","삼성출판사보통주","KOSPI","서적, 잡지 및 기타 인쇄물 출판업",02/08/05,"ACTIVE"
"482630","삼양엔씨켐","KOSDAQ","기타 화학제품 제조업",25/02/03,"ACTIVE"
"272550","삼양패키징보통주","KOSPI","플라스틱제품 제조업",17/11/29,"ACTIVE"
"054540","삼영엠텍","KOSDAQ","구조용 금속제품, 탱크 및 증기발생기 제조업",01/11/15,"ACTIVE"
"005680","삼영전자공업보통주","KOSPI","전자부품 제조업",76/12/28,"ACTIVE"
"002290","삼일기업공사","KOSDAQ","건물 건설업",92/11/30,"ACTIVE"
"000520","삼일제약보통주","KOSPI","의약품 제조업",85/05/29,"ACTIVE"
"032750","삼진","KOSDAQ","통신 및 방송 장비 제조업",97/07/14,"ACTIVE"
"004690","삼천리보통주","KOSPI","연료용 가스 제조 및 배관공급업",76/12/23,"ACTIVE"
"437730","삼현","KOSDAQ","자동차 신품 부품 제조업",24/03/21,"ACTIVE"
"010960","삼호개발 보통주","KOSPI","기반조성 및 시설물 축조관련 전문공사업",05/05/12,"ACTIVE"
"011230","삼화전자공업보통주","KOSPI","영상 및 음향기기 제조업",87/05/25,"ACTIVE"
"001290","상상인증권보통주","KOSPI","금융 지원 서비스업",88/09/23,"ACTIVE"
"089980","상아프론테크","KOSDAQ","플라스틱제품 제조업",11/07/21,"ACTIVE"
"411080","샌즈랩","KOSDAQ","소프트웨어 개발 및 공급업",23/02/15,"ACTIVE"
"294630","서남","KOSDAQ","기타 전기장비 제조업",20/02/20,"ACTIVE"
"079650","서산","KOSDAQ","시멘트, 석회, 플라스터 및 그 제품 제조업",05/01/21,"ACTIVE"
"017390","서울도시가스보통주","KOSPI","연료용 가스 제조 및 배관공급업",95/08/18,"ACTIVE"
"027040","서울전자통신","KOSDAQ","전동기, 발전기 및 전기 변환 · 공급 · 제어 장치 제조업",99/12/03,"ACTIVE"
"178320","서진시스템","KOSDAQ","기타 전기장비 제조업",17/03/27,"ACTIVE"
"065710","서호전기","KOSDAQ","전동기, 발전기 및 전기 변환 · 공급 · 제어 장치 제조업",02/07/16,"ACTIVE"
"003100","선광","KOSDAQ","기타 운송관련 서비스업",99/12/21,"ACTIVE"
"007610","선도전기보통주","KOSPI","전동기, 발전기 및 전기 변환 · 공급 · 제어 장치 제조업",89/11/30,"ACTIVE"
"037350","성도이엔지","KOSDAQ","건축기술, 엔지니어링 및 관련 기술 서비스업",00/01/11,"ACTIVE"
"045300","성우테크론","KOSDAQ","전자부품 제조업",01/12/18,"ACTIVE"
"000180","성창기업지주보통주","KOSPI","회사 본부 및 경영 컨설팅 서비스업",76/06/02,"ACTIVE"
"017510","세명전기공업","KOSDAQ","기타 금속 가공제품 제조업",91/12/26,"ACTIVE"
"011560","세보엠이씨","KOSDAQ","건물설비 설치 공사업",96/12/23,"ACTIVE"
"001430","세아베스틸지주보통주","KOSPI","1차 철강 제조업",91/03/12,"ACTIVE"
"100700","세운메디칼","KOSDAQ","의료용품 및 기타 의약 관련제품 제조업",08/09/30,"ACTIVE"
"039310","세중","KOSDAQ","소프트웨어 개발 및 공급업",00/06/09,"ACTIVE"
"347000","센코","KOSDAQ","측정, 시험, 항해, 제어 및 기타 정밀기기 제조업; 광학기기 제외",20/10/29,"ACTIVE"
"299660","셀리드","KOSDAQ","자연과학 및 공학 연구개발업",19/02/20,"ACTIVE"
"068270","셀트리온보통주","KOSPI","기초 의약물질 제조업",18/02/09,"ACTIVE"
"007720","소노스퀘어","KOSDAQ","상품 종합 도매업",94/01/06,"ACTIVE"
"950200","소마젠","KOSDAQ","그외 기타 전문, 과학 및 기술 서비스업",20/07/13,"ACTIVE"
"215090","솔디펜스","KOSDAQ","측정, 시험, 항해, 제어 및 기타 정밀기기 제조업; 광학기기 제외",15/04/28,"ACTIVE"
"035610","솔본","KOSDAQ","회사 본부 및 경영 컨설팅 서비스업",99/08/13,"ACTIVE"
"304100","솔트룩스","KOSDAQ","소프트웨어 개발 및 공급업",20/07/23,"ACTIVE"
"004430","송원산업보통주","KOSPI","기타 화학제품 제조업",77/06/25,"ACTIVE"
"017550","수산세보틱스보통주","KOSPI","특수 목적용 기계 제조업",91/08/30,"ACTIVE"
"253840","수젠텍","KOSDAQ","의료용품 및 기타 의약 관련제품 제조업",19/05/28,"ACTIVE"
"236200","슈프리마","KOSDAQ","통신 및 방송 장비 제조업",16/02/05,"ACTIVE"
"424960","스마트레이더시스템","KOSDAQ","측정, 시험, 항해, 제어 및 기타 정밀기기 제조업; 광학기기 제외",23/08/22,"ACTIVE"
"204210","스타에스엠자기관리부동산투자회사보통주","KOSPI","부동산 임대 및 공급업",16/09/22,"ACTIVE"
"352090","스톰테크","KOSDAQ","플라스틱제품 제조업",23/11/20,"ACTIVE"
"408900","스튜디오미르","KOSDAQ","영화, 비디오물, 방송프로그램 제작 및 배급업",23/02/07,"ACTIVE"
"347700","스피어","KOSDAQ","소프트웨어 개발 및 공급업",21/03/23,"ACTIVE"
"269620","시스웍","KOSDAQ","측정, 시험, 항해, 제어 및 기타 정밀기기 제조업; 광학기기 제외",17/12/26,"ACTIVE"
"131090","시큐브","KOSDAQ","소프트웨어 개발 및 공급업",11/12/21,"ACTIVE"
"016590","신대양제지보통주","KOSPI","골판지, 종이 상자 및 종이용기 제조업",95/12/21,"ACTIVE"
"065350","신성델타테크","KOSDAQ","가정용 기기 제조업",04/08/06,"ACTIVE"
"031430","신세계인터내셔날보통주","KOSPI","섬유, 의복, 신발 및 가죽제품 소매업",11/07/14,"ACTIVE"
"002800","신신제약","KOSDAQ","의약품 제조업",17/02/28,"ACTIVE"
"0091W0","신영해피투모로우제11호기업인수목적","KOSDAQ","금융 지원 서비스업",25/11/24,"ACTIVE"
"138070","신진에스엠","KOSDAQ","기타 금속 가공제품 제조업",11/11/28,"ACTIVE"
"404990","신한서부티엔디리츠보통주","KOSPI","부동산 임대 및 공급업",21/12/10,"ACTIVE"
"487830","신한제15호기업인수목적","KOSDAQ","금융 지원 서비스업",24/11/15,"ACTIVE"
"187270","신화콘텍","KOSDAQ","전동기, 발전기 및 전기 변환 · 공급 · 제어 장치 제조업",14/08/08,"ACTIVE"
"004080","신흥보통주","KOSPI","기계장비 및 관련 물품 도매업",91/02/08,"ACTIVE"
"036710","심텍홀딩스","KOSDAQ","회사 본부 및 경영 컨설팅 서비스업",00/01/04,"ACTIVE"
"217330","싸이토젠","KOSDAQ","자연과학 및 공학 연구개발업",18/11/22,"ACTIVE"
"217320","썬테크","KONEX","전동기, 발전기 및 전기 변환 · 공급 · 제어 장치 제조업",15/04/29,"ACTIVE"
"050890","쏠리드","KOSDAQ","통신 및 방송 장비 제조업",05/07/08,"ACTIVE"
"109670","씨싸이트","KOSDAQ","봉제의복 제조업",23/12/21,"ACTIVE"
"236030","씨알푸드","KONEX","곡물가공품, 전분 및 전분제품 제조업",17/12/14,"ACTIVE"
"352480","씨앤씨인터내셔널","KOSDAQ","기타 화학제품 제조업",21/05/17,"ACTIVE"
"352700","씨앤투스","KOSDAQ","화학섬유 제조업",21/01/28,"ACTIVE"
"297090","씨에스베어링","KOSDAQ","일반 목적용 기계 제조업",19/11/21,"ACTIVE"
"112610","씨에스윈드보통주","KOSPI","구조용 금속제품, 탱크 및 증기발생기 제조업",14/11/27,"ACTIVE"
"000120","씨제이대한통운보통주","KOSPI","도로 화물 운송업",56/07/02,"ACTIVE"
"035760","씨제이이엔엠","KOSDAQ GLOBAL","텔레비전 방송업",99/11/23,"ACTIVE"
"096530","씨젠","KOSDAQ","의료용품 및 기타 의약 관련제품 제조업",10/09/10,"ACTIVE"
"060590","씨티씨바이오","KOSDAQ","의약품 제조업",02/02/21,"ACTIVE"
"413630","씨피시스템","KOSDAQ","플라스틱제품 제조업",22/03/31,"ACTIVE"
"008700","아남전자보통주","KOSPI","영상 및 음향기기 제조업",84/08/11,"ACTIVE"
"002790","아모레퍼시픽홀딩스보통주","KOSPI","기타 화학제품 제조업",73/04/30,"ACTIVE"
"002030","아세아보통주","KOSPI","회사 본부 및 경영 컨설팅 서비스업",74/06/03,"ACTIVE"
"002310","아세아제지보통주","KOSPI","골판지, 종이 상자 및 종이용기 제조업",88/12/15,"ACTIVE"
"136410","아셈스","KOSDAQ","플라스틱제품 제조업",22/02/07,"ACTIVE"
"067390","아스트","KOSDAQ","항공기,우주선 및 부품 제조업",14/12/24,"ACTIVE"
"127710","아시아경제","KOSDAQ","자료처리, 호스팅, 포털 및 기타 인터넷 정보매개 서비스업",15/07/31,"ACTIVE"
"331740","아우토크립트","KOSDAQ","소프트웨어 개발 및 공급업",25/07/15,"ACTIVE"
"122900","아이마켓코리아보통주","KOSPI","상품 종합 도매업",10/07/30,"ACTIVE"
"460470","아이빔테크놀로지","KOSDAQ","사진장비 및 광학기기 제조업",24/08/06,"ACTIVE"
"010780","아이에스동서보통주","KOSPI","시멘트, 석회, 플라스터 및 그 제품 제조업",86/01/27,"ACTIVE"
"403810","아이엘로보틱스","KONEX","전자부품 제조업",25/11/18,"ACTIVE"
"052220","아이엠비씨","KOSDAQ","영상·오디오물 제공 서비스업",05/01/21,"ACTIVE"
"451220","아이엠티","KOSDAQ","특수 목적용 기계 제조업",23/10/10,"ACTIVE"
"185490","아이진","KOSDAQ","자연과학 및 공학 연구개발업",15/11/16,"ACTIVE"
"052460","아이크래프트","KOSDAQ","컴퓨터 프로그래밍, 시스템 통합 및 관리업",05/01/03,"ACTIVE"
"031820","아이티센씨티에스보통주","KOSPI","컴퓨터 프로그래밍, 시스템 통합 및 관리업",97/02/12,"ACTIVE"
"243870","아이티센코어","KONEX","컴퓨터 프로그래밍, 시스템 통합 및 관리업",16/10/31,"ACTIVE"
"294870","아이파크현대산업개발보통주","KOSPI","건물 건설업",18/06/12,"ACTIVE"
"032080","아즈텍더블유비이","KOSDAQ","섬유제품 염색, 정리 및 마무리 가공업",00/10/26,"ACTIVE"
"200350","아티스트스튜디오","KOSDAQ","영화, 비디오물, 방송프로그램 제작 및 배급업",21/12/30,"ACTIVE"
"102950","아하","KONEX","전자부품 제조업",22/11/30,"ACTIVE"
"053800","안랩","KOSDAQ","소프트웨어 개발 및 공급업",01/09/13,"ACTIVE"
"297570","알로이스","KOSDAQ","통신 및 방송 장비 제조업",18/07/20,"ACTIVE"
"260660","알리코제약","KOSDAQ","의료용품 및 기타 의약 관련제품 제조업",18/02/12,"ACTIVE"
"327260","알에프머트리얼즈","KOSDAQ","전자부품 제조업",19/12/24,"ACTIVE"
"061040","알에프텍","KOSDAQ","통신 및 방송 장비 제조업",02/05/16,"ACTIVE"
"347860","알체라","KOSDAQ","소프트웨어 개발 및 공급업",20/12/21,"ACTIVE"
"085810","알티캐스트","KOSDAQ","소프트웨어 개발 및 공급업",13/12/06,"ACTIVE"
"293780","압타바이오","KOSDAQ","자연과학 및 공학 연구개발업",19/06/12,"ACTIVE"
"390110","애니메디솔루션","KONEX","의료용 기기 제조업",22/12/21,"ACTIVE"
"900100","애머릿지코퍼레이션","KOSDAQ","자동차 부품 및 내장품 판매업",10/04/21,"ACTIVE"
"138360","앤로보틱스","KOSDAQ","특수 목적용 기계 제조업",13/11/08,"ACTIVE"
"174900","앱클론 주식회사","KOSDAQ","의료용품 및 기타 의약 관련제품 제조업",17/09/18,"ACTIVE"
"030960","양지사","KOSDAQ","인쇄 및 인쇄관련 산업",96/10/24,"ACTIVE"
"224810","엄지하우스","KONEX","실내건축 및 건축마무리 공사업",15/10/21,"ACTIVE"
"038680","에스넷시스템","KOSDAQ","컴퓨터 프로그래밍, 시스템 통합 및 관리업",00/04/27,"ACTIVE"
"304360","에스바이오메딕스","KOSDAQ","의약품 제조업",23/05/04,"ACTIVE"
"019550","에스비아이인베스트먼트","KOSDAQ","신탁업 및 집합투자업",89/09/06,"ACTIVE"
"065420","에스아이리소스","KOSDAQ","기타 화학제품 제조업",02/08/22,"ACTIVE"
"095910","에스에너지","KOSDAQ","전동기, 발전기 및 전기 변환 · 공급 · 제어 장치 제조업",07/10/16,"ACTIVE"
"031330","에스에이엠티","KOSDAQ","기계장비 및 관련 물품 도매업",00/05/23,"ACTIVE"
"060540","에스에이티","KOSDAQ","측정, 시험, 항해, 제어 및 기타 정밀기기 제조업; 광학기기 제외",06/11/28,"ACTIVE"
"246250","에스엘에스바이오","KOSDAQ","그외 기타 전문, 과학 및 기술 서비스업",23/10/20,"ACTIVE"
"464080","에스오에스랩","KOSDAQ","측정, 시험, 항해, 제어 및 기타 정밀기기 제조업; 광학기기 제외",24/06/25,"ACTIVE"
"306040","에스제이그룹","KOSDAQ","가죽, 가방 및 유사제품 제조업",19/11/18,"ACTIVE"
"016250","에스지씨이앤씨","KOSDAQ","건물 건설업",99/12/28,"ACTIVE"
"398120","에스지헬스케어","KOSDAQ","의료용 기기 제조업",24/12/19,"ACTIVE"
"472230","에스케이증권제11호기업인수목적","KOSDAQ","금융 지원 서비스업",24/03/04,"ACTIVE"
"0070X0","에스테크엠","KONEX","특수 목적용 기계 제조업",26/04/27,"ACTIVE"
"234300","에스트래픽","KOSDAQ","컴퓨터 프로그래밍, 시스템 통합 및 관리업",17/12/05,"ACTIVE"
"458350","에스팀","KOSDAQ","기타 사업지원 서비스업",26/03/06,"ACTIVE"
"443670","에스피소프트","KOSDAQ","컴퓨터 프로그래밍, 시스템 통합 및 관리업",24/02/15,"ACTIVE"
"058610","에스피지","KOSDAQ","전동기, 발전기 및 전기 변환 · 공급 · 제어 장치 제조업",02/07/23,"ACTIVE"
"078520","에이블씨엔씨보통주","KOSPI","기타 화학제품 제조업",11/09/07,"ACTIVE"
"195990","에이비프로바이오","KOSDAQ","특수 목적용 기계 제조업",15/04/13,"ACTIVE"
"364950","에이아이코리아","KOSDAQ","특수 목적용 기계 제조업",25/04/29,"ACTIVE"
"234070","에이원큐브텍","KONEX","산업용 기계 및 장비 임대업",15/12/21,"ACTIVE"
"140910","에이자기관리부동산투자회사보통주","KOSPI","부동산 임대 및 공급업",11/07/14,"ACTIVE"
"443060","에이치디현대마린솔루션보통주","KOSPI","건축기술, 엔지니어링 및 관련 기술 서비스업",24/05/08,"ACTIVE"
"295310","에이치브이엠","KOSDAQ","1차 비철금속 제조업",24/06/28,"ACTIVE"
"225530","에이치씨보광산업","KOSDAQ","기타 비금속 광물제품 제조업",15/12/17,"ACTIVE"
"002460","에이치에스화성보통주","KOSPI","건물 건설업",88/09/29,"ACTIVE"
"028300","에이치엘비","KOSDAQ","의료용품 및 기타 의약 관련제품 제조업",96/07/27,"ACTIVE"
"187420","에이치엘비제넥스","KOSDAQ","기초 의약물질 제조업",15/05/29,"ACTIVE"
"046210","에이치엘비파나진","KOSDAQ","의료용품 및 기타 의약 관련제품 제조업",00/08/16,"ACTIVE"
"477340","에이치엠씨아이비제7호기업인수목적","KOSDAQ","금융 지원 서비스업",24/06/24,"ACTIVE"
"403870","에이치피에스피","KOSDAQ GLOBAL","특수 목적용 기계 제조업",22/07/15,"ACTIVE"
"021080","에이티넘인베스트먼트","KOSDAQ","신탁업 및 집합투자업",91/07/12,"ACTIVE"
"397030","에이프릴바이오","KOSDAQ","자연과학 및 공학 연구개발업",22/07/28,"ACTIVE"
"0009K0","에임드바이오","KOSDAQ","자연과학 및 공학 연구개발업",25/12/04,"ACTIVE"
"038870","에코심플렉스","KOSDAQ","사업시설 유지·관리 서비스업",01/05/29,"ACTIVE"
"450080","에코프로머티보통주","KOSPI","일차전지 및 이차전지 제조업",23/11/17,"ACTIVE"
"173940","에프엔씨엔터테인먼트","KOSDAQ","창작 및 예술관련 서비스업",14/12/04,"ACTIVE"
"054940","엑사이엔씨","KOSDAQ","실내건축 및 건축마무리 공사업",01/12/13,"ACTIVE"
"373110","엑셀세라퓨틱스","KOSDAQ","기초 의약물질 제조업",24/07/15,"ACTIVE"
"373200","엑스플러스","KOSDAQ","그외 기타 제품 제조업",21/02/26,"ACTIVE"
"059180","엔더블유시","KONEX","통신 및 방송 장비 제조업",25/12/22,"ACTIVE"
"140610","엔솔바이오사이언스","KONEX","자연과학 및 공학 연구개발업",18/09/10,"ACTIVE"
"475230","엔알비","KOSDAQ","기타 금속 가공제품 제조업",25/07/28,"ACTIVE"
"481890","엔에이치기업인수목적31호","KOSDAQ","금융 지원 서비스업",24/07/26,"ACTIVE"
"060250","엔에이치엔케이씨피","KOSDAQ","금융 지원 서비스업",02/01/08,"ACTIVE"
"053290","엔이능률","KOSDAQ","서적, 잡지 및 기타 인쇄물 출판업",02/12/10,"ACTIVE"
"419080","엔젯","KOSDAQ","특수 목적용 기계 제조업",22/11/18,"ACTIVE"
"183490","엔지켐생명과학","KOSDAQ","기초 의약물질 제조업",18/02/21,"ACTIVE"
"182400","엔케이젠바이오텍코리아","KOSDAQ","기초 의약물질 제조업",15/10/23,"ACTIVE"
"291230","엔피","KOSDAQ","기타 사업지원 서비스업",18/09/13,"ACTIVE"
"048830","엔피케이","KOSDAQ","합성고무 및 플라스틱 물질 제조업",00/10/12,"ACTIVE"
"066970","엘앤에프보통주","KOSPI","일차전지 및 이차전지 제조업",24/01/29,"ACTIVE"
"078020","엘에스증권","KOSDAQ","금융 지원 서비스업",07/02/21,"ACTIVE"
"311060","엘에이티","KONEX","특수 목적용 기계 제조업",18/12/28,"ACTIVE"
"064400","엘지씨엔에스보통주","KOSPI","컴퓨터 프로그래밍, 시스템 통합 및 관리업",25/02/05,"ACTIVE"
"170920","엘티씨","KOSDAQ","기초 화학물질 제조업",13/10/08,"ACTIVE"
"058630","엠게임","KOSDAQ","소프트웨어 개발 및 공급업",08/12/19,"ACTIVE"
"373170","엠아이큐브솔루션","KOSDAQ","소프트웨어 개발 및 공급업",23/08/04,"ACTIVE"
"432980","엠에프씨","KOSDAQ","기초 의약물질 제조업",24/12/26,"ACTIVE"
"032790","엠젠솔루션","KOSDAQ","기계장비 및 관련 물품 도매업",97/06/26,"ACTIVE"
"143540","영우디에스피","KOSDAQ","특수 목적용 기계 제조업",14/10/29,"ACTIVE"
"012280","영화금속보통주","KOSPI","자동차 신품 부품 제조업",90/01/25,"ACTIVE"
"250930","예선테크","KOSDAQ","플라스틱제품 제조업",16/09/29,"ACTIVE"
"212310","오건에코텍","KONEX","의료용 기기 제조업",16/07/26,"ACTIVE"
"322310","오로스테크놀로지","KOSDAQ","특수 목적용 기계 제조업",21/02/24,"ACTIVE"
"002630","오리엔트바이오보통주","KOSPI","의약품 제조업",76/12/28,"ACTIVE"
"352910","오비고","KOSDAQ","컴퓨터 프로그래밍, 시스템 통합 및 관리업",21/07/13,"ACTIVE"
"342870","오아","KOSDAQ","가전제품 및 정보통신장비 소매업",25/09/09,"ACTIVE"
"138080","오이솔루션","KOSDAQ","통신 및 방송 장비 제조업",14/02/27,"ACTIVE"
"173130","오파스넷","KOSDAQ","컴퓨터 프로그래밍, 시스템 통합 및 관리업",18/08/24,"ACTIVE"
"382150","온코크로스","KOSDAQ","자연과학 및 공학 연구개발업",24/12/18,"ACTIVE"
"057540","옴니시스템","KOSDAQ","측정, 시험, 항해, 제어 및 기타 정밀기기 제조업; 광학기기 제외",07/09/19,"ACTIVE"
"153710","옵티팜","KOSDAQ","의료용품 및 기타 의약 관련제품 제조업",18/10/26,"ACTIVE"
"338840","와이바이오로직스","KOSDAQ","자연과학 및 공학 연구개발업",23/12/05,"ACTIVE"
"067900","와이엔텍","KOSDAQ","폐기물 처리업",05/12/23,"ACTIVE"
"273640","와이엠텍","KOSDAQ","전동기, 발전기 및 전기 변환 · 공급 · 제어 장치 제조업",21/09/10,"ACTIVE"
"019210","와이지-원","KOSDAQ","기타 금속 가공제품 제조업",97/08/06,"ACTIVE"
"037270","와이지플러스보통주","KOSPI","자료처리, 호스팅, 포털 및 기타 인터넷 정보매개 서비스업",03/08/01,"ACTIVE"
"032820","우리기술","KOSDAQ","전동기, 발전기 및 전기 변환 · 공급 · 제어 장치 제조업",00/06/22,"ACTIVE"
"215360","우리산업","KOSDAQ","자동차 신품 부품 제조업",15/05/06,"ACTIVE"
"101170","우림피티에스","KOSDAQ","일반 목적용 기계 제조업",09/04/28,"ACTIVE"
"017370","우신시스템보통주","KOSPI","특수 목적용 기계 제조업",02/05/28,"ACTIVE"
"101970","우양에이치씨","KOSDAQ","구조용 금속제품, 탱크 및 증기발생기 제조업",25/03/28,"ACTIVE"
"105840","우진보통주","KOSPI","측정, 시험, 항해, 제어 및 기타 정밀기기 제조업; 광학기기 제외",10/07/26,"ACTIVE"
"457550","우진엔텍","KOSDAQ","그외 기타 전문, 과학 및 기술 서비스업",24/01/24,"ACTIVE"
"005820","원림보통주","KOSPI","직물직조 및 직물제품 제조업",90/04/20,"ACTIVE"
"032940","원익","KOSDAQ","기계장비 및 관련 물품 도매업",97/07/18,"ACTIVE"
"014190","원익큐브","KOSDAQ","기타 전문 도매업",96/04/26,"ACTIVE"
"030530","원익홀딩스","KOSDAQ","기초 화학물질 제조업",96/09/24,"ACTIVE"
"376980","원티드랩","KOSDAQ","소프트웨어 개발 및 공급업",21/08/11,"ACTIVE"
"101160","월덱스","KOSDAQ","전자부품 제조업",08/06/19,"ACTIVE"
"076080","웰크론한텍","KOSDAQ","건물 건설업",08/07/18,"ACTIVE"
"069080","웹젠","KOSDAQ GLOBAL","소프트웨어 개발 및 공급업",03/05/23,"ACTIVE"
"112040","위메이드","KOSDAQ","소프트웨어 개발 및 공급업",09/12/18,"ACTIVE"
"038620","위즈코프","KOSDAQ","연료 소매업",00/05/04,"ACTIVE"
"299900","위지윅스튜디오","KOSDAQ","영화, 비디오물, 방송프로그램 제작 및 배급업",18/12/20,"ACTIVE"
"192390","윈하이텍","KOSDAQ","구조용 금속제품, 탱크 및 증기발생기 제조업",14/07/25,"ACTIVE"
"014830","유니드 보통주","KOSPI","기초 화학물질 제조업",04/12/03,"ACTIVE"
"047400","유니온머티리얼보통주","KOSPI","내화, 비내화 요업제품 제조업",09/09/29,"ACTIVE"
"077500","유니퀘스트 보통주","KOSPI","기계장비 및 관련 물품 도매업",04/08/05,"ACTIVE"
"121060","유니포인트","KONEX","컴퓨터 프로그래밍, 시스템 통합 및 관리업",14/10/24,"ACTIVE"
"048430","유라테크","KOSDAQ","전동기, 발전기 및 전기 변환 · 공급 · 제어 장치 제조업",01/01/11,"ACTIVE"
"084440","유비온","KOSDAQ","소프트웨어 개발 및 공급업",22/11/18,"ACTIVE"
"000700","유수홀딩스보통주","KOSPI","회사 본부 및 경영 컨설팅 서비스업",56/03/03,"ACTIVE"
"493790","유안타제17호기업인수목적","KOSDAQ","금융 지원 서비스업",25/01/23,"ACTIVE"
"072130","유엔젤보통주","KOSPI","자료처리, 호스팅, 포털 및 기타 인터넷 정보매개 서비스업",03/07/01,"ACTIVE"
"023410","유진기업","KOSDAQ","시멘트, 석회, 플라스터 및 그 제품 제조업",94/10/07,"ACTIVE"
"0105P0","유진기업인수목적12호","KOSDAQ","금융 지원 서비스업",25/12/11,"ACTIVE"
"240600","유진테크놀로지","KOSDAQ","기타 금속 가공제품 제조업",23/11/02,"ACTIVE"
"003460","유화증권보통주","KOSPI","금융 지원 서비스업",87/08/24,"ACTIVE"
"008730","율촌화학보통주","KOSPI","플라스틱제품 제조업",88/08/30,"ACTIVE"
"044960","이글벳","KOSDAQ","기타 전문 도매업",00/11/16,"ACTIVE"
"279060","이노벡스","KONEX","측정, 시험, 항해, 제어 및 기타 정밀기기 제조업; 광학기기 제외",19/04/12,"ACTIVE"
"296640","이노에이엑스","KOSDAQ","소프트웨어 개발 및 공급업",22/10/07,"ACTIVE"
"333050","이노테나","KOSDAQ","소프트웨어 개발 및 공급업",19/10/31,"ACTIVE"
"452400","이닉스","KOSDAQ","자동차 신품 부품 제조업",24/02/01,"ACTIVE"
"088260","이리츠코크렙기업구조조정부동산투자회사보통주","KOSPI","부동산 임대 및 공급업",18/06/27,"ACTIVE"
"351330","이삭엔지니어링","KOSDAQ","컴퓨터 프로그래밍, 시스템 통합 및 관리업",21/04/21,"ACTIVE"
"379390","이성씨엔아이","KONEX","건축기술, 엔지니어링 및 관련 기술 서비스업",21/06/04,"ACTIVE"
"005950","이수화학보통주","KOSPI","기초 화학물질 제조업",88/04/28,"ACTIVE"
"239340","이스트에이드","KOSDAQ","자료처리, 호스팅, 포털 및 기타 인터넷 정보매개 서비스업",16/06/09,"ACTIVE"
"456070","이엔셀","KOSDAQ","기초 의약물질 제조업",24/08/23,"ACTIVE"
"041520","이엘씨","KOSDAQ","측정, 시험, 항해, 제어 및 기타 정밀기기 제조업; 광학기기 제외",03/07/04,"ACTIVE"
"083470","이엠앤아이","KOSDAQ","기초 화학물질 제조업",08/09/18,"ACTIVE"
"102460","이연제약보통주","KOSPI","의약품 제조업",10/06/10,"ACTIVE"
"037370","이지","KOSDAQ","기초 화학물질 제조업",00/01/11,"ACTIVE"
"261520","이지스","KOSDAQ","소프트웨어 개발 및 공급업",25/12/11,"ACTIVE"
"099750","이지케어텍","KOSDAQ","소프트웨어 개발 및 공급업",19/03/22,"ACTIVE"
"134060","이퓨쳐","KOSDAQ","서적, 잡지 및 기타 인쇄물 출판업",11/04/27,"ACTIVE"
"101140","인바이오젠보통주","KOSPI","기계장비 및 관련 물품 도매업",08/04/02,"ACTIVE"
"079950","인베니아","KOSDAQ","특수 목적용 기계 제조업",05/02/04,"ACTIVE"
"006490","인스코비보통주","KOSPI","전기 통신업",85/01/17,"ACTIVE"
"034590","인천도시가스 보통주","KOSPI","연료용 가스 제조 및 배관공급업",06/11/07,"ACTIVE"
"311960","인터로이드","KONEX","소프트웨어 개발 및 공급업",22/11/29,"ACTIVE"
"189300","인텔리안테크놀로지스","KOSDAQ","통신 및 방송 장비 제조업",16/10/18,"ACTIVE"
"070590","인티큐브","KOSDAQ","컴퓨터 프로그래밍, 시스템 통합 및 관리업",04/01/08,"ACTIVE"
"000230","일동홀딩스보통주","KOSPI","의약품 제조업",75/06/28,"ACTIVE"
"007110","일신석재보통주","KOSPI","건축자재, 철물 및 난방장치 도매업",86/03/04,"ACTIVE"
"008500","일정실업보통주","KOSPI","편조원단 제조업",94/08/12,"ACTIVE"
"094820","일진파워","KOSDAQ","전기 및 통신 공사업",07/11/06,"ACTIVE"
"950140","잉글우드랩","KOSDAQ","기타 화학제품 제조업",16/10/14,"ACTIVE"
"254120","자비스","KOSDAQ","특수 목적용 기계 제조업",16/12/02,"ACTIVE"
"289220","자이언트스텝","KOSDAQ","영화, 비디오물, 방송프로그램 제작 및 배급업",21/03/24,"ACTIVE"
"417840","저스템","KOSDAQ","특수 목적용 기계 제조업",22/10/28,"ACTIVE"
"208140","정다운","KOSDAQ","도축, 육류 가공 및 저장 처리업",14/12/17,"ACTIVE"
"217190","제너셈","KOSDAQ","특수 목적용 기계 제조업",15/09/25,"ACTIVE"
"066830","제노텍","KONEX","기타 화학제품 제조업",16/07/18,"ACTIVE"
"381620","제닉스로보틱스","KOSDAQ","특수 목적용 기계 제조업",24/09/30,"ACTIVE"
"147830","제룡산업","KOSDAQ","구조용 금속제품, 탱크 및 증기발생기 제조업",12/02/13,"ACTIVE"
"067290","제이더블유신약","KOSDAQ","의약품 제조업",03/02/11,"ACTIVE"
"137950","제이씨케미칼","KOSDAQ","기타 화학제품 제조업",11/08/08,"ACTIVE"
"348950","제이알글로벌리츠보통주","KOSPI","부동산 임대 및 공급업",20/08/07,"ACTIVE"
"026040","제이에스티나","KOSDAQ","귀금속 및 장신용품 제조업",99/12/21,"ACTIVE"
"254160","제이엠멀티","KONEX","제재 및 목재 가공업",21/12/13,"ACTIVE"
"060230","제이케이시냅스","KOSDAQ","기타 화학제품 제조업",02/06/25,"ACTIVE"
"412540","제일엠앤에스","KOSDAQ","특수 목적용 기계 제조업",24/04/30,"ACTIVE"
"038010","제일테크노스","KOSDAQ","구조용 금속제품, 탱크 및 증기발생기 제조업",00/01/11,"ACTIVE"
"216080","제테마","KOSDAQ","의료용품 및 기타 의약 관련제품 제조업",19/11/14,"ACTIVE"
"004910","조광페인트보통주","KOSPI","기타 화학제품 제조업",76/12/27,"ACTIVE"
"001550","조비보통주","KOSPI","비료, 농약 및 살균, 살충제 제조업",76/12/28,"ACTIVE"
"034940","조아제약","KOSDAQ","의약품 제조업",99/08/13,"ACTIVE"
"018470","조일알미늄보통주","KOSPI","1차 비철금속 제조업",88/11/22,"ACTIVE"
"109070","주성코퍼레이션보통주","KOSPI","통신 및 방송 장비 제조업",09/03/17,"ACTIVE"
"440320","주식회사 오픈놀","KOSDAQ","소프트웨어 개발 및 공급업",23/06/30,"ACTIVE"
"002380","주식회사케이씨씨","KOSPI","기타 화학제품 제조업",73/06/25,"ACTIVE"
"000440","중앙에너비스","KOSDAQ","기타 전문 도매업",93/03/24,"ACTIVE"
"228760","지노믹트리","KOSDAQ","자연과학 및 공학 연구개발업",19/03/27,"ACTIVE"
"208350","지란지교시큐리티","KOSDAQ","소프트웨어 개발 및 공급업",14/12/24,"ACTIVE"
"358570","지아이이노베이션","KOSDAQ","자연과학 및 공학 연구개발업",23/03/30,"ACTIVE"
"051160","지어소프트","KOSDAQ","소프트웨어 개발 및 공급업",02/05/28,"ACTIVE"
"076340","지에이이노더스","KONEX","기반조성 및 시설물 축조관련 전문공사업",15/05/18,"ACTIVE"
"119850","지엔씨에너지","KOSDAQ","전동기, 발전기 및 전기 변환 · 공급 · 제어 장치 제조업",13/10/02,"ACTIVE"
"071320","지역난방공사보통주","KOSPI","증기, 냉·온수 및 공기조절 공급업",10/01/29,"ACTIVE"
"388050","지투파워","KOSDAQ","전동기, 발전기 및 전기 변환 · 공급 · 제어 장치 제조업",22/04/01,"ACTIVE"
"036890","진성티이씨","KOSDAQ","특수 목적용 기계 제조업",00/07/20,"ACTIVE"
"010640","진양폴리우레탄보통주","KOSPI","플라스틱제품 제조업",89/09/30,"ACTIVE"
"011000","진원생명과학보통주","KOSPI","의약품 제조업",87/11/16,"ACTIVE"
"233990","질경이","KONEX","기타 화학제품 제조업",15/12/29,"ACTIVE"
"261780","차백신연구소","KOSDAQ","자연과학 및 공학 연구개발업",21/10/22,"ACTIVE"
"368030","창대정밀","KONEX","특수 목적용 기계 제조업",24/12/23,"ACTIVE"
"0011T0","채비","KOSDAQ","전동기, 발전기 및 전기 변환 · 공급 · 제어 장치 제조업",26/04/29,"ACTIVE"
"033250","체시스보통주","KOSPI","자동차 신품 부품 제조업",99/08/11,"ACTIVE"
"0082N0","카나프테라퓨틱스","KOSDAQ","자연과학 및 공학 연구개발업",26/03/16,"ACTIVE"
"323410","카카오뱅크보통주","KOSPI","은행 및 저축기관",21/08/06,"ACTIVE"
"035720","카카오보통주","KOSPI","자료처리, 호스팅, 포털 및 기타 인터넷 정보매개 서비스업",17/07/10,"ACTIVE"
"042000","카페24","KOSDAQ","자료처리, 호스팅, 포털 및 기타 인터넷 정보매개 서비스업",18/02/08,"ACTIVE"
"071850","캐스텍코리아","KOSDAQ","자동차 신품 부품 제조업",14/05/27,"ACTIVE"
"451760","컨텍","KOSDAQ","컴퓨터 프로그래밍, 시스템 통합 및 관리업",23/11/09,"ACTIVE"
"079190","케스피온","KOSDAQ","통신 및 방송 장비 제조업",05/11/29,"ACTIVE"
"415640","케이비발해인프라투융자회사보통주","KOSPI","신탁업 및 집합투자업",24/11/29,"ACTIVE"
"478390","케이비제29호기업인수목적","KOSDAQ","금융 지원 서비스업",24/06/21,"ACTIVE"
"192250","케이사인","KOSDAQ","소프트웨어 개발 및 공급업",14/04/28,"ACTIVE"
"029460","케이씨보통주","KOSPI","측정, 시험, 항해, 제어 및 기타 정밀기기 제조업; 광학기기 제외",97/11/25,"ACTIVE"
"281820","케이씨텍보통주","KOSPI","측정, 시험, 항해, 제어 및 기타 정밀기기 제조업; 광학기기 제외",17/12/05,"ACTIVE"
"093320","케이아이엔엑스","KOSDAQ","자료처리, 호스팅, 포털 및 기타 인터넷 정보매개 서비스업",11/02/08,"ACTIVE"
"052900","케이엑스하이텍","KOSDAQ","플라스틱제품 제조업",05/01/18,"ACTIVE"
"039420","케이엘넷","KOSDAQ","전기 통신업",02/03/12,"ACTIVE"
"068100","케이웨더","KOSDAQ","일반 목적용 기계 제조업",24/02/22,"ACTIVE"
"381970","케이카보통주","KOSPI","자동차 판매업",21/10/13,"ACTIVE"
"030200","케이티보통주","KOSPI","전기 통신업",98/12/23,"ACTIVE"
"043610","케이티지니뮤직","KOSDAQ","영상·오디오물 제공 서비스업",00/07/20,"ACTIVE"
"042040","케이피엠테크","KOSDAQ","기타 전문 도매업",03/01/07,"ACTIVE"
"258610","케일럼","KOSDAQ","구조용 금속제품, 탱크 및 증기발생기 제조업",17/08/22,"ACTIVE"
"089010","켐트로닉스","KOSDAQ","기타 화학제품 제조업",07/01/17,"ACTIVE"
"052400","코나아이","KOSDAQ","소프트웨어 개발 및 공급업",01/10/18,"ACTIVE"
"046070","코다코","KOSDAQ","자동차 신품 부품 제조업",00/12/26,"ACTIVE"
"357120","코람코라이프인프라리츠보통주","KOSPI","부동산 임대 및 공급업",20/08/31,"ACTIVE"
"036690","코맥스","KOSDAQ","통신 및 방송 장비 제조업",00/01/18,"ACTIVE"
"049430","코메론","KOSDAQ","측정, 시험, 항해, 제어 및 기타 정밀기기 제조업; 광학기기 제외",01/01/16,"ACTIVE"
"360350","코셈","KOSDAQ","측정, 시험, 항해, 제어 및 기타 정밀기기 제조업; 광학기기 제외",24/02/23,"ACTIVE"
"005070","코스모신소재보통주","KOSPI","기타 화학제품 제조업",87/09/28,"ACTIVE"
"166480","코아스템켐온","KOSDAQ","의약품 제조업",15/06/26,"ACTIVE"
"003070","코오롱글로벌보통주","KOSPI","토목 건설업",78/09/15,"ACTIVE"
"021240","코웨이보통주","KOSPI","그외 기타 개인 서비스업",01/08/07,"ACTIVE"
"121850","코이즈","KOSDAQ","플라스틱제품 제조업",12/09/27,"ACTIVE"
"036420","콘텐트리중앙보통주","KOSPI","영화, 비디오물, 방송프로그램 제작 및 배급업",19/10/18,"ACTIVE"
"464490","쿼드메디슨","KOSDAQ","기초 의약물질 제조업",25/12/12,"ACTIVE"
"365270","큐라클","KOSDAQ","자연과학 및 공학 연구개발업",21/07/22,"ACTIVE"
"051780","큐로홀딩스","KOSDAQ","음·식료품 및 담배 소매업",01/06/26,"ACTIVE"
"405100","큐알티","KOSDAQ","그외 기타 전문, 과학 및 기술 서비스업",22/11/02,"ACTIVE"
"264900","크라운제과보통주","KOSPI","떡, 빵 및 과자류 제조업",17/04/11,"ACTIVE"
"040350","크레오에스지","KOSDAQ","컴퓨터 프로그래밍, 시스템 통합 및 관리업",02/01/10,"ACTIVE"
"237880","클리오","KOSDAQ","기타 화학제품 제조업",16/11/09,"ACTIVE"
"020120","키다리스튜디오보통주","KOSPI","자료처리, 호스팅, 포털 및 기타 인터넷 정보매개 서비스업",96/07/03,"ACTIVE"
"0131D0","키움히어로제2호기업인수목적","KOSDAQ","금융 지원 서비스업",26/04/23,"ACTIVE"
"346010","타이드","KONEX","전자부품 제조업",22/12/28,"ACTIVE"
"476710","타조이엔터테인먼트","KONEX","창작 및 예술관련 서비스업",24/10/30,"ACTIVE"
"360070","탑머티리얼","KOSDAQ","일차전지 및 이차전지 제조업",22/10/18,"ACTIVE"
"134580","탑코미디어","KOSDAQ","자료처리, 호스팅, 포털 및 기타 인터넷 정보매개 서비스업",13/11/26,"ACTIVE"
"006890","태경케미컬보통주","KOSPI","기초 화학물질 제조업",03/01/28,"ACTIVE"
"323280","태성","KOSDAQ","특수 목적용 기계 제조업",19/06/24,"ACTIVE"
"052960","태양3C","KONEX","자동차 부품 및 내장품 판매업",23/01/26,"ACTIVE"
"009410","태영건설보통주","KOSPI","토목 건설업",89/11/13,"ACTIVE"
"044490","태웅","KOSDAQ","기타 금속 가공제품 제조업",01/11/08,"ACTIVE"
"191420","테고사이언스","KOSDAQ","기초 의약물질 제조업",14/11/06,"ACTIVE"
"095610","테스","KOSDAQ","특수 목적용 기계 제조업",08/05/20,"ACTIVE"
"258050","테크트랜스","KONEX","기타 금속 가공제품 제조업",18/07/13,"ACTIVE"
"078000","텔코웨어 보통주","KOSPI","자료처리, 호스팅, 포털 및 기타 인터넷 정보매개 서비스업",04/07/20,"ACTIVE"
"215480","토박스코리아","KOSDAQ","섬유, 의복, 신발 및 가죽제품 소매업",15/05/13,"ACTIVE"
"079970","투비소프트","KOSDAQ","소프트웨어 개발 및 공급업",10/06/01,"ACTIVE"
"290090","트윔","KOSDAQ","소프트웨어 개발 및 공급업",21/11/17,"ACTIVE"
"057680","티사이언티픽","KOSDAQ","소프트웨어 개발 및 공급업",02/06/18,"ACTIVE"
"064760","티씨케이","KOSDAQ GLOBAL","기타 비금속 광물제품 제조업",03/08/18,"ACTIVE"
"043220","티에스넥스젠","KOSDAQ","특수 목적용 기계 제조업",01/07/03,"ACTIVE"
"131290","티에스이","KOSDAQ","측정, 시험, 항해, 제어 및 기타 정밀기기 제조업; 광학기기 제외",11/01/05,"ACTIVE"
"131100","티엔엔터테인먼트","KOSDAQ","영화, 비디오물, 방송프로그램 제작 및 배급업",11/06/14,"ACTIVE"
"217590","티엠씨보통주","KOSPI","절연선 및 케이블 제조업",25/12/15,"ACTIVE"
"004870","티웨이홀딩스보통주","KOSPI","시멘트, 석회, 플라스터 및 그 제품 제조업",77/06/30,"ACTIVE"
"069260","티케이지휴켐스보통주","KOSPI","기타 화학제품 제조업",02/10/07,"ACTIVE"
"217880","틸론","KONEX","소프트웨어 개발 및 공급업",15/05/28,"ACTIVE"
"288330","파라택시스 코리아","KOSDAQ","그외 기타 전문, 과학 및 기술 서비스업",19/12/20,"ACTIVE"
"043200","파루","KOSDAQ","전동기, 발전기 및 전기 변환 · 공급 · 제어 장치 제조업",00/07/19,"ACTIVE"
"150900","파수에이아이","KOSDAQ","소프트웨어 개발 및 공급업",13/10/18,"ACTIVE"
"368770","파이버프로","KOSDAQ","측정, 시험, 항해, 제어 및 기타 정밀기기 제조업; 광학기기 제외",21/01/21,"ACTIVE"
"065690","파커스","KOSDAQ","고무제품 제조업",02/07/16,"ACTIVE"
"202960","판도라티비","KONEX","소프트웨어 개발 및 공급업",14/08/11,"ACTIVE"
"266350","팡스카이","KONEX","소프트웨어 개발 및 공급업",24/06/28,"ACTIVE"
"068050","팬엔터테인먼트","KOSDAQ","영화, 비디오물, 방송프로그램 제작 및 배급업",06/07/07,"ACTIVE"
"251970","펌텍코리아","KOSDAQ","플라스틱제품 제조업",19/07/04,"ACTIVE"
"001020","페이퍼코리아보통주","KOSPI","펄프, 종이 및 판지 제조업",76/06/26,"ACTIVE"
"090080","평화산업 주식회사 보통주","KOSPI","자동차 신품 부품 제조업",06/06/02,"ACTIVE"
"389140","포바이포","KOSDAQ","영화, 비디오물, 방송프로그램 제작 및 배급업",22/04/28,"ACTIVE"
"058430","포스코스틸리온보통주","KOSPI","1차 철강 제조업",02/08/16,"ACTIVE"
"189690","포시에스","KOSDAQ","소프트웨어 개발 및 공급업",15/02/11,"ACTIVE"
"472850","폰드그룹","KOSDAQ","섬유, 의복, 신발 및 가죽제품 소매업",24/02/02,"ACTIVE"
"039980","폴라리스에이아이","KOSDAQ","컴퓨터 프로그래밍, 시스템 통합 및 관리업",02/08/13,"ACTIVE"
"093380","풍강","KOSDAQ","기타 금속 가공제품 제조업",07/06/01,"ACTIVE"
"298060","풍전약품","KOSDAQ","의약품 제조업",20/06/17,"ACTIVE"
"370090","퓨런티어","KOSDAQ","측정, 시험, 항해, 제어 및 기타 정밀기기 제조업; 광학기기 제외",22/02/23,"ACTIVE"
"334970","프레스티지바이오로직스","KOSDAQ","의약품 제조업",21/03/11,"ACTIVE"
"296160","프로젠","KONEX","자연과학 및 공학 연구개발업",23/11/15,"ACTIVE"
"335810","프리시젼바이오","KOSDAQ","의료용 기기 제조업",20/12/22,"ACTIVE"
"041590","플래스크","KOSDAQ","실내건축 및 건축마무리 공사업",02/11/01,"ACTIVE"
"075130","플랜티넷","KOSDAQ","컴퓨터 프로그래밍, 시스템 통합 및 관리업",05/06/10,"ACTIVE"
"023770","플레이위드코리아","KOSDAQ","소프트웨어 개발 및 공급업",94/11/07,"ACTIVE"
"300080","플리토","KOSDAQ","자료처리, 호스팅, 포털 및 기타 인터넷 정보매개 서비스업",19/07/17,"ACTIVE"
"241820","피씨엘","KOSDAQ","의료용품 및 기타 의약 관련제품 제조업",17/02/23,"ACTIVE"
"237750","피앤씨테크","KOSDAQ","전동기, 발전기 및 전기 변환 · 공급 · 제어 장치 제조업",16/07/04,"ACTIVE"
"002230","피에스텍","KOSDAQ","측정, 시험, 항해, 제어 및 기타 정밀기기 제조업; 광학기기 제외",91/01/04,"ACTIVE"
"024940","피엔풍년","KOSDAQ","생활용품 도매업",95/01/04,"ACTIVE"
"304840","피플바이오","KOSDAQ","의료용품 및 기타 의약 관련제품 제조업",20/10/19,"ACTIVE"
"378340","필에너지","KOSDAQ","특수 목적용 기계 제조업",23/07/14,"ACTIVE"
"475240","하나32호기업인수목적","KOSDAQ","금융 지원 서비스업",24/03/27,"ACTIVE"
"0101C0","하나36호기업인수목적","KOSDAQ","금융 지원 서비스업",25/12/22,"ACTIVE"
"039130","하나투어보통주","KOSPI","여행사 및 기타 여행보조 서비스업",11/11/01,"ACTIVE"
"450330","하스","KOSDAQ","의료용품 및 기타 의약 관련제품 제조업",24/07/03,"ACTIVE"
"160190","하이젠알앤엠","KOSDAQ","전동기, 발전기 및 전기 변환 · 공급 · 제어 장치 제조업",24/06/27,"ACTIVE"
"065650","하이퍼코퍼레이션","KOSDAQ","기계장비 및 관련 물품 도매업",03/01/21,"ACTIVE"
"005430","한국공항보통주","KOSPI","기타 운송관련 서비스업",76/12/28,"ACTIVE"
"025540","한국단자공업보통주","KOSPI","전동기, 발전기 및 전기 변환 · 공급 · 제어 장치 제조업",96/10/16,"ACTIVE"
"004090","한국석유공업보통주","KOSPI","기타 비금속 광물제품 제조업",77/06/25,"ACTIVE"
"017890","한국알콜산업","KOSDAQ","기타 화학제품 제조업",92/08/04,"ACTIVE"
"052690","한국전력기술 보통주","KOSPI","건축기술, 엔지니어링 및 관련 기술 서비스업",09/12/14,"ACTIVE"
"479880","한국제15호기업인수목적","KOSDAQ","금융 지원 서비스업",24/06/26,"ACTIVE"
"025890","한국주강보통주","KOSPI","특수 목적용 기계 제조업",97/07/18,"ACTIVE"
"017960","한국카본보통주","KOSPI","구조용 금속제품, 탱크 및 증기발생기 제조업",95/07/08,"ACTIVE"
"161390","한국타이어앤테크놀로지보통주","KOSPI","고무제품 제조업",12/10/04,"ACTIVE"
"037230","한국팩키지","KOSDAQ","골판지, 종이 상자 및 종이용기 제조업",99/12/21,"ACTIVE"
"030520","한글과컴퓨터","KOSDAQ GLOBAL","소프트웨어 개발 및 공급업",96/09/24,"ACTIVE"
"053690","한미글로벌건축사사무소보통주","KOSPI","건축기술, 엔지니어링 및 관련 기술 서비스업",09/06/23,"ACTIVE"
"009240","한샘보통주","KOSPI","생활용품 도매업",02/07/16,"ACTIVE"
"003680","한성기업보통주","KOSPI","수산물 가공 및 저장 처리업",89/01/26,"ACTIVE"
"009180","한솔로지스틱스보통주","KOSPI","기타 운송관련 서비스업",89/11/13,"ACTIVE"
"025750","한솔홈데코보통주","KOSPI","제재 및 목재 가공업",03/11/04,"ACTIVE"
"011700","한신기계공업보통주","KOSPI","일반 목적용 기계 제조업",87/07/24,"ACTIVE"
"009420","한올바이오파마보통주","KOSPI","의약품 제조업",89/12/18,"ACTIVE"
"005860","한일사료","KOSDAQ","동물용 사료 및 조제식품 제조업",94/11/07,"ACTIVE"
"003300","한일홀딩스보통주","KOSPI","시멘트, 석회, 플라스터 및 그 제품 제조업",69/11/20,"ACTIVE"
"130660","한전산업개발보통주","KOSPI","건축기술, 엔지니어링 및 관련 기술 서비스업",10/12/16,"ACTIVE"
"107640","한중엔시에스","KOSDAQ","전동기, 발전기 및 전기 변환 · 공급 · 제어 장치 제조업",24/06/24,"ACTIVE"
"009460","한창제지보통주","KOSPI","펄프, 종이 및 판지 제조업",87/12/23,"ACTIVE"
"098070","한텍","KOSDAQ","구조용 금속제품, 탱크 및 증기발생기 제조업",25/03/20,"ACTIVE"
"000880","한화보통주","KOSPI","기타 화학제품 제조업",76/06/24,"ACTIVE"
"012450","한화에어로스페이스보통주","KOSPI","항공기,우주선 및 부품 제조업",87/05/27,"ACTIVE"
"059270","해성에어로보틱스","KOSDAQ","기타 금속 가공제품 제조업",21/04/21,"ACTIVE"
"214180","헥토이노베이션","KOSDAQ","기타 정보 서비스업",15/06/30,"ACTIVE"
"086280","현대글로비스보통주","KOSPI","기타 운송관련 서비스업",05/12/26,"ACTIVE"
"048410","현대바이오사이언스","KOSDAQ","기타 화학제품 제조업",02/08/08,"ACTIVE"
"013520","화승코퍼레이션보통주","KOSPI","자동차 신품 부품 제조업",91/02/22,"ACTIVE"
"010660","화천기계보통주","KOSPI","특수 목적용 기계 제조업",88/12/12,"ACTIVE"
"094280","효성아이티엑스 보통주","KOSPI","기타 사업지원 서비스업",07/10/25,"ACTIVE"
"298040","효성중공업보통주","KOSPI","전동기, 발전기 및 전기 변환 · 공급 · 제어 장치 제조업",18/07/13,"ACTIVE"
"353190","휴럼","KOSDAQ","기타 식품 제조업",20/06/17,"ACTIVE"
"205470","휴마시스","KOSDAQ","의료용품 및 기타 의약 관련제품 제조업",14/12/01,"ACTIVE"
"028080","휴맥스홀딩스","KOSDAQ","컴퓨터 프로그래밍, 시스템 통합 및 관리업",97/04/16,"ACTIVE"
"263920","휴엠앤씨","KOSDAQ","그외 기타 제품 제조업",17/09/28,"ACTIVE"
"024060","흥구석유","KOSDAQ","기타 전문 도매업",94/12/07,"ACTIVE"
"037440","희림종합건축사사무소","KOSDAQ","건축기술, 엔지니어링 및 관련 기술 서비스업",00/02/03,"ACTIVE"
"025530","SJM홀딩스보통주","KOSPI","자동차 부품 및 내장품 판매업",97/02/12,"ACTIVE"
"063570","NICE인프라","KOSDAQ","기타 사업지원 서비스업",06/07/14,"ACTIVE"
"478340","나라스페이스테크놀로지","KOSDAQ","항공기,우주선 및 부품 제조업",25/12/17,"ACTIVE"
"064260","다날","KOSDAQ","소프트웨어 개발 및 공급업",04/07/23,"ACTIVE"
"065450","빅텍","KOSDAQ","측정, 시험, 항해, 제어 및 기타 정밀기기 제조업; 광학기기 제외",03/02/05,"ACTIVE"
"060310","삼에스코리아","KOSDAQ","측정, 시험, 항해, 제어 및 기타 정밀기기 제조업; 광학기기 제외",02/04/23,"ACTIVE"
"080470","성창오토텍","KOSDAQ","자동차 신품 부품 제조업",06/11/03,"ACTIVE"
"053450","세코닉스","KOSDAQ","사진장비 및 광학기기 제조업",01/08/09,"ACTIVE"
"048870","시너지이노베이션","KOSDAQ","의료용 기기 제조업",04/08/13,"ACTIVE"
"056700","신화인터텍","KOSDAQ","플라스틱제품 제조업",01/12/13,"ACTIVE"
"476040","오가노이드사이언스","KOSDAQ","자연과학 및 공학 연구개발업",25/05/09,"ACTIVE"
"049480","오픈베이스","KOSDAQ","컴퓨터 프로그래밍, 시스템 통합 및 관리업",01/01/09,"ACTIVE"
"382840","원준","KOSDAQ","특수 목적용 기계 제조업",21/10/07,"ACTIVE"
"095270","웨이브일렉트로닉스","KOSDAQ","측정, 시험, 항해, 제어 및 기타 정밀기기 제조업; 광학기기 제외",07/09/12,"ACTIVE"
"011320","유니크","KOSDAQ","자동차 신품 부품 제조업",93/12/29,"ACTIVE"
"474490","유안타제16호기업인수목적","KOSDAQ","금융 지원 서비스업",24/05/02,"ACTIVE"
"039030","이오테크닉스","KOSDAQ GLOBAL","특수 목적용 기계 제조업",00/08/24,"ACTIVE"
"389470","인벤티지랩","KOSDAQ","자연과학 및 공학 연구개발업",22/11/22,"ACTIVE"
"064290","인텍플러스","KOSDAQ","특수 목적용 기계 제조업",11/01/05,"ACTIVE"
"084730","팅크웨어","KOSDAQ","통신 및 방송 장비 제조업",06/05/19,"ACTIVE"
"037030","파워넷","KOSDAQ","전동기, 발전기 및 전기 변환 · 공급 · 제어 장치 제조업",18/06/07,"ACTIVE"
"140860","파크시스템스","KOSDAQ GLOBAL","측정, 시험, 항해, 제어 및 기타 정밀기기 제조업; 광학기기 제외",15/12/17,"ACTIVE"
"043370","피에이치에이","KOSDAQ","자동차 신품 부품 제조업",01/12/13,"ACTIVE"
"376180","피코그램","KOSDAQ","그외 기타 제품 제조업",21/11/03,"ACTIVE"
"101670","하이드로리튬","KOSDAQ","구조용 금속제품, 탱크 및 증기발생기 제조업",08/07/15,"ACTIVE"
"448900","한국피아이엠","KOSDAQ","자동차 신품 부품 제조업",25/04/04,"ACTIVE"
"045100","한양이엔지","KOSDAQ","건축기술, 엔지니어링 및 관련 기술 서비스업",00/08/31,"ACTIVE"
"076610","해성옵틱스","KOSDAQ","사진장비 및 광학기기 제조업",13/11/06,"ACTIVE"
"439960","코스모로보틱스","KOSDAQ","로봇 제조업",26/05/11,"ACTIVE"
"122630","KODEX 200선물레버리지","KOSPI","코스피 200 선물 지수 상승률 레버리지 ETF",16/09/22,"ACTIVE"
"252670","KODEX 200선물인버스2X","","코스피 200 선물 지수 하락률 2배 인버스 ETF",16/09/22,"ACTIVE"
"114800","KODEX 인버스","KOSPI","코스피 200 선물 하락률 ETF",09/09/16,"ACTIVE"
"102970","KODEX 증권","KOSPI","KODEX 증권 ETF",08/05/29,"ACTIVE"
"123310","TIGER 인버스","KOSPI","코스피 200 지수 하락 ETF",10/03/29,"ACTIVE"
"252710","TIGER 200선물인버스2X","KOSPI","코스피 200선물지수 하락 2배 ETF",16/09/22,"ACTIVE"
"233740","KODEX 코스닥 150 레버리지","KOSDAQ","코스닥 150 상승 2배 ETF",15/12/17,"ACTIVE"
"251340","KODEX 코스닥 150선물인버스","KOSDAQ","코스닥 150 선물 지수 하락 ETF",16/08/10,"ACTIVE"
"250780","TIGER 코스닥150선물인버스","KOSDAQ","코스닥 150 선물 지수 하락 ETF",16/08/10,"ACTIVE"
"304940","KODEX 미국 나스닥100선물","KOSPIP","나스닥 100선물 ETF",18/08/30,"ACTIVE"
"409820","KODEX미국 나스닥 100 레버리지","KOSPI","나스닥 100 상승률 2배 ETF",21/12/09,"ACTIVE"
"448330","KODEX 삼성전자채권혼합","KOSPI","삼성전자 주식 자산배분 ETF",22/11/29,"ACTIVE"
"449180","KODEX 미국 S&P500","KOSPI","S&P 500 환헤지 ETF",22/12/02,"ACTIVE"
"396500","TIGER 반도체TOP10","KOSPI","국내 반도체 10개 ETF",21/08/10,"ACTIVE"
"494310","KODEX 반도체 레버리지","KOSPI","국내 반도체 대표기업 상승률 2배 ETF",24/10/22,"ACTIVE"
"412570","TIGER 2차전지TOP10레버리지","KOSPI","국내 2차전지 회사 상승률 2배 ETF",,"ACTIVE"
"462330","KODEX 2차전지산업레버리지","KOSPI","국내 2차전지 회사 주가 2배 상승률 ETF",23/07/04,"ACTIVE"
"225130","ACE 골드선물 레버리지","KOSPI","금 선물가격 상승 2배 ETF",15/07/28,"ACTIVE"
"225030","TIGER 미국S&P500선물인버스","KOSPI","S&P500 선물 지수 하락 ETF",15/07/29,"ACTIVE"
"278240","RISE 코스닥 150 선물레버리지","KOSPI","코스닥 150 선물지수 상승 2배 ETF",17/08/31,"ACTIVE"
"487580","폴레드","KOSDAQ","유아용 카시트 판매업",26/05/14,"ACTIVE"
"069500","KODEX 200","KOSPI","코스피 200 ETF",02/10/14,"ACTIVE"
"0167A0","SOL AI반도체TOP2플러스","KOSPI","반도체10종목 ETF",26/03/17,"ACTIVE"
"278530","KODEX 200TR","KOSPI","코스피 200 배당금 재투자 ETF",17/11/21,"ACTIVE"
"498400","KODEX 200타겟위클리커버드콜","KOSPI","코스피 200 위클리 커버드콜 ETF",14/12/03,"ACTIVE"
